date,value,demanda_total,demanda_max,demanda_min,demanda_promedio,demanda_pico
"2023-01-01",6937873,166508956,7974751,6034468,6937873,7828563
"2023-01-02",7948385,190761237,9296814,6380821,7948385,9089770
"2023-01-03",8346330,200311913,9591157,6875071,8346330,9348402
"2023-01-04",8521682,204520371,9771903,7001206,8521682,9512244
"2023-01-05",8576018,205824426,9855951,7029887,8576018,9614107
"2023-01-06",8679328,208303861,9854847,7165322,8679328,9623000
"2023-01-07",8326758,199842183,9373262,7211814,8326758,9107514
"2023-01-08",7554466,181307183,8662391,6562850,7554466,8488855
"2023-01-09",7741828,185803866,9023586,6626546,7741828,8795975
"2023-01-10",8517653,204423664,9857352,6822468,8517653,9569981
"2023-01-11",8738479,209723504,9928039,7116298,8738479,9663776
"2023-01-12",8757222,210173325,10007268,7038416,8757222,9746830
"2023-01-13",8958470,215003273,10108320,7221516,8958470,9872213
"2023-01-14",8582216,205973181,9700072,7282464,8582216,9427884
"2023-01-15",7791048,186985148,9039754,6602461,7791048,8840659
"2023-01-16",8758180,210196315,10087158,6926989,8758180,9799975
"2023-01-17",8922946,214150715,10134443,7032255,8922946,9853881
"2023-01-18",8905074,213721771,10064614,7227424,8905074,9803523
"2023-01-19",8962245,215093880,10241086,7176669,8962245,9943572
"2023-01-20",8958648,215007550,10141962,7262843,8958648,9862988
"2023-01-21",8562557,205501371,9773552,7231014,8562557,9483565
"2023-01-22",7831896,187965510,9137476,6635734,7831896,8932424
"2023-01-23",8911089,213866138,10262553,6973705,8911089,9984175
"2023-01-24",9092353,218216462,10353429,7348119,9092353,10070179
"2023-01-25",9168921,220054112,10444450,7391363,9168921,10155029
"2023-01-26",9162880,219909121,10404114,7431644,9162880,10113919
"2023-01-27",9100717,218417213,10274607,7350521,9100717,9986154
"2023-01-28",8658939,207814547,9823469,7369143,8658939,9495884
"2023-01-29",7817192,187612616,9102733,6603706,7817192,8891990
"2023-01-30",8892646,213423498,10254896,6928495,8892646,9951256
"2023-01-31",8997992,215951804,10259401,7266923,8997992,9949899
"2023-02-01",8971529,215316692,10174501,7207945,8971529,9888791
"2023-02-02",8943824,214651784,10272107,7145866,8943824,9944709
"2023-02-03",9049609,217190608,10287723,7242398,9049609,9995476
"2023-02-04",8661134,207867216,9776817,7367033,8661134,9465985
"2023-02-05",7823496,187763905,9167826,6642865,7823496,8948873
"2023-02-06",9019100,216458412,10421068,7050030,9019100,10122838
"2023-02-07",9100906,218421741,10395699,7349117,9100906,10079908
"2023-02-08",9152480,219659525,10416916,7384443,9152480,10103939
"2023-02-09",9240225,221765408,10505552,7483269,9240225,10207693
"2023-02-10",9240359,221768619,10490249,7445139,9240359,10166360
"2023-02-11",8912382,213897168,10030317,7529356,8912382,9739115
"2023-02-12",8135089,195242133,9462496,6978056,8135089,9215669
"2023-02-13",9069099,217658376,10423975,7169917,9069099,10110499
"2023-02-14",9206207,220948976,10541903,7416494,9206207,10188152
"2023-02-15",9250340,222008156,10499423,7528839,9250340,10172694
"2023-02-16",9193929,220654307,10447854,7490087,9193929,10113992
"2023-02-17",9158721,219809315,10293430,7441689,9158721,10013100
"2023-02-18",8684680,208432325,9767564,7382136,8684680,9437572
"2023-02-19",7781927,186766252,9071407,6583034,7781927,8833083
"2023-02-20",8832393,211977431,10200118,6920734,8832393,9883425
"2023-02-21",8922533,214140785,10188756,7250410,8922533,9871073
"2023-02-22",8957197,214972723,10215167,7283552,8957197,9882690
"2023-02-23",9054584,217310005,10426285,7230408,9054584,10087634
"2023-02-24",9125397,219009529,10380171,7356187,9125397,10058053
"2023-02-25",8752785,210066844,9852408,7421567,8752785,9554226
"2023-02-26",7959699,191032781,9323156,6748864,7959699,9061263
"2023-02-27",9079860,217916650,10490519,7078639,9079860,10174898
"2023-02-28",9250365,222008750,10548198,7475650,9250365,10233390
"2023-03-01",9223865,221372769,10526977,7438411,9223865,10221222
"2023-03-02",9309848,223436362,10583837,7528401,9309848,10284817
"2023-03-03",9371220,224909285,10522386,7632067,9371220,10233370
"2023-03-04",8969213,215261122,10048694,7648432,8969213,9757710
"2023-03-05",8006004,192144088,9232697,6867861,8006004,9041216
"2023-03-06",9078149,217875574,10436187,7144285,9078149,10133872
"2023-03-07",9123796,218971112,10318096,7436761,9123796,10023024
"2023-03-08",9050871,217220909,10267444,7356895,9050871,9954043
"2023-03-09",8902406,213657745,10134399,7323648,8902406,9792053
"2023-03-10",8940795,214579069,10200526,7214978,8940795,9885471
"2023-03-11",8553639,205287333,9597975,7296436,8553639,9314855
"2023-03-12",7798489,187163740,9146541,6564452,7798489,8918009
"2023-03-13",8819799,211675185,10203977,6952216,8819799,9880917
"2023-03-14",8966598,215198342,10189374,7254825,8966598,9861564
"2023-03-15",8920774,214098568,10222184,7218889,8920774,9922873
"2023-03-16",8964466,215147192,10168912,7221812,8964466,9876110
"2023-03-17",9016521,216396507,10268962,7225754,9016521,9985602
"2023-03-18",8715629,209175084,9820688,7431203,8715629,9508233
"2023-03-19",7856362,188552682,9060057,6659204,7856362,8829545
"2023-03-20",8144907,195477763,9665674,6819030,8144907,9395375
"2023-03-21",9157033,219768790,10528034,7231033,9157033,10219760
"2023-03-22",9207216,220973185,10522558,7455724,9207216,10223315
"2023-03-23",9222741,221345776,10521852,7501174,9222741,10205273
"2023-03-24",9305516,223332385,10495956,7531845,9305516,10188978
"2023-03-25",8890856,213380551,10027264,7561135,8890856,9739096
"2023-03-26",8112029,194688708,9383554,6888813,8112029,9165579
"2023-03-27",9079505,217908112,10340928,7199938,9079505,10057091
"2023-03-28",9213463,221123111,10489212,7427132,9213463,10201356
"2023-03-29",9205904,220941688,10471512,7499501,9205904,10163066
"2023-03-30",9230211,221525075,10532196,7487431,9230211,10245448
"2023-03-31",9248891,221973390,10387159,7551605,9248891,10122338
"2023-04-01",8859935,212638437,9908710,7587881,8859935,9635688
"2023-04-02",8057409,193377822,9199039,6926055,8057409,9022195
"2023-04-03",9059688,217432521,10375300,7165150,9059688,10127024
"2023-04-04",9164202,219940839,10306789,7483284,9164202,10054134
"2023-04-05",9021887,216525297,10038079,7558716,9021887,9775930
"2023-04-06",7758298,186199141,8722510,6798494,7758298,8463558
"2023-04-07",7298179,175156299,8385852,6322800,7298179,8206760
"2023-04-08",7894196,189460714,9205456,6534931,7894196,8955880
"2023-04-09",7875760,189018244,9284714,6560997,7875760,9052901
"2023-04-10",9090499,218171975,10474220,7087618,9090499,10197716
"2023-04-11",9247302,221935256,10492558,7543258,9247302,10191723
"2023-04-12",9260011,222240259,10545465,7520592,9260011,10254229
"2023-04-13",9309548,223429164,10561888,7567744,9309548,10271645
"2023-04-14",9460496,227051907,10618428,7636754,9460496,10348118
"2023-04-15",9023436,216562466,10109664,7657390,9023436,9802773
"2023-04-16",7955137,190923284,9184796,6817358,7955137,8973308
"2023-04-17",8899919,213598047,10265430,6993786,8899919,9996031
"2023-04-18",9189440,220546569,10540316,7380536,9189440,10239423
"2023-04-19",9270601,222494413,10610998,7471151,9270601,10328891
"2023-04-20",9337479,224099492,10564404,7615789,9337479,10270237
"2023-04-21",9170527,220092642,10263492,7509412,9170527,10015374
"2023-04-22",8755130,210123120,9857037,7400395,8755130,9588401
"2023-04-23",7944614,190670731,9264234,6759184,7944614,9030412
"2023-04-24",8995399,215889584,10413352,7079324,8995399,10103209
"2023-04-25",9167499,220019967,10487892,7374084,9167499,10175344
"2023-04-26",9283702,222808849,10583840,7498475,9283702,10273920
"2023-04-27",9380625,225134993,10643955,7603189,9380625,10370117
"2023-04-28",9341478,224195466,10467644,7700152,9341478,10216506
"2023-04-29",8941940,214606557,10040581,7577732,8941940,9749434
"2023-04-30",7904483,189707581,8934688,6992054,7904483,8718922
"2023-05-01",8027430,192658324,9536740,6596531,8027430,9296737
"2023-05-02",9330281,223926739,10818197,7236419,9330281,10542248
"2023-05-03",9591235,230189645,10944673,7739528,9591235,10653432
"2023-05-04",9662727,231905447,10936804,7789231,9662727,10647459
"2023-05-05",9867099,236810386,11118944,8037559,9867099,10793055
"2023-05-06",9352360,224456647,10398914,8060667,9352360,10078791
"2023-05-07",8363729,200729495,9680491,7049774,8363729,9481312
"2023-05-08",9449954,226798885,10797806,7484450,9449954,10494062
"2023-05-09",9665886,231981259,10877631,7868634,9665886,10615121
"2023-05-10",9446245,226709876,10672504,7792304,9446245,10386261
"2023-05-11",9570463,229691120,10839165,7706139,9570463,10553856
"2023-05-12",9665694,231976648,10873673,7878496,9665694,10573033
"2023-05-13",9294738,223073720,10328362,7904876,9294738,10084016
"2023-05-14",8268537,198444880,9286629,7162869,8268537,9147728
"2023-05-15",9304467,223307213,10627162,7394819,9304467,10352299
"2023-05-16",9392470,225419277,10484894,7785310,9392470,10189072
"2023-05-17",9315177,223564242,10743860,7428243,9315177,10462687
"2023-05-18",9643226,231437422,11044928,7708324,9643226,10746833
"2023-05-19",9758690,234208556,10935132,7933816,9758690,10650739
"2023-05-20",9138246,219317903,10207089,7867317,9138246,9937334
"2023-05-21",8014870,192356881,8945230,7030811,8014870,8739853
"2023-05-22",8056254,193350090,9568853,6687505,8056254,9316887
"2023-05-23",9147762,219546281,10551432,7215017,9147762,10254471
"2023-05-24",9325145,223803469,10645973,7527711,9325145,10338008
"2023-05-25",9287379,222897103,10517503,7487194,9287379,10216189
"2023-05-26",9237714,221705136,10335660,7532841,9237714,10068655
"2023-05-27",8851943,212446631,9977544,7427320,8851943,9724825
"2023-05-28",8032128,192771077,9313861,6755794,8032128,9140054
"2023-05-29",9122229,218933488,10505032,7177911,9122229,10186980
"2023-05-30",9208224,220997387,10413652,7474936,9208224,10121085
"2023-05-31",9285366,222848774,10495990,7502400,9285366,10236016
"2023-06-01",9147420,219538071,10333384,7557235,9147420,10053424
"2023-06-02",9249663,221991918,10528365,7385766,9249663,10243003
"2023-06-03",9048137,217155286,10192795,7637067,9048137,9915291
"2023-06-04",8002090,192050154,9169193,6989150,8002090,8953217
"2023-06-05",9074833,217795983,10564596,7034099,9074833,10250244
"2023-06-06",9347851,224348421,10635628,7601584,9347851,10350905
"2023-06-07",9517861,228428670,10893860,7675851,9517861,10592047
"2023-06-08",9253766,222090377,10291205,7840864,9253766,10008731
"2023-06-09",9296062,223105483,10648719,7432825,9296062,10358398
"2023-06-10",8931245,214349884,9947868,7666935,8931245,9638940
"2023-06-11",8077699,193864787,9338934,6858566,8077699,9076911
"2023-06-12",8396252,201510049,9851246,7042254,8396252,9598600
"2023-06-13",9451085,226826037,10814207,7416179,9451085,10526467
"2023-06-14",9569726,229673414,10827973,7853731,9569726,10530886
"2023-06-15",9440728,226577469,10664086,7657136,9440728,10403393
"2023-06-16",9391432,225394372,10567054,7757108,9391432,10158478
"2023-06-17",8798985,211175644,9894828,7547811,8798985,9596315
"2023-06-18",7935723,190457341,9103327,6750518,7935723,8902248
"2023-06-19",8314130,199539120,9787822,6909841,8314130,9551439
"2023-06-20",9557228,229373470,10927637,7518785,9557228,10643160
"2023-06-21",9760710,234257044,10996848,7966671,9760710,10639621
"2023-06-22",9718406,233241739,10959225,8031774,9718406,10603382
"2023-06-23",9578988,229895720,10745174,7842011,9578988,10346806
"2023-06-24",9007436,216178453,9982645,7735386,9007436,9695978
"2023-06-25",8090813,194179508,9261510,6933787,8090813,9057221
"2023-06-26",8945320,214687691,10129322,7220186,8945320,9842415
"2023-06-27",9269254,222462100,10549586,7361733,9269254,10269759
"2023-06-28",9443065,226633559,10667770,7657832,9443065,10377906
"2023-06-29",9611575,230677804,10837347,7805356,9611575,10512705
"2023-06-30",9563676,229528223,10729471,7858654,9563676,10412268
"2023-07-01",9015896,216381509,10020546,7844331,9015896,9636891
"2023-07-02",7856817,188563611,8900092,6859201,7856817,8677025
"2023-07-03",8018006,192432152,9404973,6744971,8018006,9151618
"2023-07-04",9058975,217415409,10397768,7201589,9058975,10117443
"2023-07-05",9268845,222452269,10521464,7510100,9268845,10227105
"2023-07-06",9242534,221820818,10409685,7638338,9242534,10121197
"2023-07-07",9206075,220945793,10289098,7519502,9206075,9990251
"2023-07-08",8798867,211172801,9895115,7501792,8798867,9607298
"2023-07-09",8089899,194157581,9424566,6777339,8089899,9187013
"2023-07-10",9220975,221303408,10551203,7364343,9220975,10245330
"2023-07-11",9389497,225347931,10592357,7628234,9389497,10295216
"2023-07-12",9317524,223620575,10655931,7495941,9317524,10378235
"2023-07-13",9555108,229322586,10873171,7717788,9555108,10571081
"2023-07-14",9541639,228999336,10617715,7890171,9541639,10340315
"2023-07-15",9073252,217758059,10122064,7768032,9073252,9840480
"2023-07-16",8136743,195281827,9307044,6942339,8136743,9104547
"2023-07-17",9245502,221892049,10538760,7287825,9245502,10287170
"2023-07-18",9447807,226747372,10732190,7625826,9447807,10422967
"2023-07-19",9530340,228728164,10705176,7791982,9530340,10392950
"2023-07-20",8903297,213679119,10175045,7581076,8903297,9961971
"2023-07-21",9607986,230591659,10771422,7841144,9607986,10442923
"2023-07-22",9056641,217359392,10067042,7795524,9056641,9788810
"2023-07-23",8266812,198403477,9557752,6947204,8266812,9370830
"2023-07-24",9502482,228059560,10840546,7475545,9502482,10568297
"2023-07-25",9667417,232018019,10900346,7905692,9667417,10622700
"2023-07-26",9557323,229375753,10802531,7894318,9557323,10505881
"2023-07-27",9517023,228408542,10762254,7787819,9517023,10480876
"2023-07-28",9634178,231220282,10848781,7870167,9634178,10466684
"2023-07-29",9287251,222894030,10390208,7950302,9287251,10106709
"2023-07-30",8472366,203336776,9596734,7403520,8472366,9389258
"2023-07-31",9357550,224581212,10667509,7426889,9357550,10398477
"2023-08-01",9489381,227745147,10756412,7772534,9489381,10461362
"2023-08-02",9620755,230898115,10952958,7784822,9620755,10669085
"2023-08-03",9792363,235016719,11107864,7943198,9792363,10811784
"2023-08-04",9850028,236400665,11039130,8107948,9850028,10737672
"2023-08-05",9336375,224073006,10436507,8043285,9336375,10135733
"2023-08-06",8455013,202920307,9547712,7265309,8455013,9355853
"2023-08-07",8569725,205673400,9808568,7285925,8569725,9661528
"2023-08-08",9665334,231968007,11062733,7692526,9665334,10759112
"2023-08-09",9749787,233994879,10992474,8016775,9749787,10692588
"2023-08-10",9695265,232686355,10922525,7963564,9695265,10636205
"2023-08-11",9855421,236530094,11047176,8141030,9855421,10744000
"2023-08-12",9421990,226127770,10460225,8083732,9421990,10169282
"2023-08-13",8511313,204271514,9599674,7303296,8511313,9416101
"2023-08-14",9463852,227132444,10714551,7511076,9463852,10458978
"2023-08-15",9515134,228363216,10776404,7843587,9515134,10496266
"2023-08-16",9537636,228903255,10851187,7830683,9537636,10572626
"2023-08-17",9672837,232148078,10929974,7965104,9672837,10640525
"2023-08-18",9745616,233894794,10968601,7953432,9745616,10710441
"2023-08-19",9432494,226379849,10450572,8192496,9432494,10188375
"2023-08-20",8331702,199960848,9368491,7310777,8331702,9196138
"2023-08-21",8371008,200904194,9736241,7115971,8371008,9469635
"2023-08-22",9055654,217335687,10444749,7364452,9055654,10107984
"2023-08-23",9300084,223202005,10752332,7462249,9300084,10482280
"2023-08-24",9459995,227039890,10874171,7669069,9459995,10601296
"2023-08-25",9656101,231746433,10854424,7910663,9656101,10635279
"2023-08-26",9222038,221328912,10157174,7932488,9222038,9855557
"2023-08-27",8333752,200010058,9715643,6901983,8333752,9540801
"2023-08-28",9571322,229711727,10909840,7649278,9571322,10666258
"2023-08-29",9823773,235770544,11315822,7859166,9823773,11031493
"2023-08-30",9990782,239778771,11274320,8165658,9990782,11022775
"2023-08-31",9931605,238358523,11245148,8138950,9931605,10996416
"2023-09-01",9971322,239311736,11199003,8193302,9971322,10956777
"2023-09-02",9344486,224267666,10266930,8255584,9344486,9962851
"2023-09-03",8289820,198955679,9656636,6989484,8289820,9463649
"2023-09-04",9357379,224577104,10835291,7315203,9357379,10609275
"2023-09-05",9767360,234416639,11109854,7888210,9767360,10833656
"2023-09-06",9936832,238483976,11273899,8063711,9936832,11029429
"2023-09-07",9936311,238471470,11256925,8157301,9936311,10962989
"2023-09-08",9943514,238644341,11120920,8139664,9943514,10890880
"2023-09-09",9327467,223859218,10355095,8166120,9327467,9953158
"2023-09-10",8242985,197831629,9412521,7060171,8242985,9253598
"2023-09-11",9536050,228865208,11018704,7411900,9536050,10769495
"2023-09-12",9839146,236139494,11279935,7950956,9839146,10994772
"2023-09-13",9809718,235433229,11053498,8015311,9809718,10804387
"2023-09-14",9844802,236275246,11078574,8050726,9844802,10833331
"2023-09-15",9689381,232545150,10787902,7973910,9689381,10506981
"2023-09-16",9204380,220905131,10341453,7837741,9204380,10088134
"2023-09-17",8382898,201189551,9635531,7152558,8382898,9454819
"2023-09-18",9405563,225733506,10718267,7426519,9405563,10492867
"2023-09-19",9669902,232077649,11112629,7752889,9669902,10781177
"2023-09-20",9780348,234728353,11150870,7966713,9780348,10861282
"2023-09-21",9923437,238162483,11277151,8058013,9923437,11029605
"2023-09-22",9961286,239070858,11218368,8185413,9961286,10808137
"2023-09-23",9292816,223027582,10362675,8088676,9292816,10029755
"2023-09-24",8449184,202780418,9805302,7177185,8449184,9633328
"2023-09-25",9682288,232374923,11136212,7602203,9682288,10931553
"2023-09-26",9815501,235572014,11166561,7990113,9815501,10924282
"2023-09-27",9906786,237762868,11252316,8070373,9906786,11004588
"2023-09-28",9783909,234813822,11054134,8058830,9783909,10825966
"2023-09-29",9781343,234752222,11027137,7913192,9781343,10830507
"2023-09-30",9486592,227678218,10603183,8147670,9486592,10298303
"2023-10-01",8536968,204887235,9818273,7243261,8536968,9680251
"2023-10-02",9670653,232095675,11021664,7717464,9670653,10773885
"2023-10-03",9673082,232153968,10889201,8006330,9673082,10662964
"2023-10-04",9447033,226728797,10765225,7777884,9447033,10514933
"2023-10-05",9585502,230052041,10856639,7794246,9585502,10560723
"2023-10-06",9551185,229228448,10779151,7760862,9551185,10551811
"2023-10-07",9187534,220500817,10284931,7837753,9187534,9913076
"2023-10-08",8179206,196300937,9385094,7077960,8179206,9235072
"2023-10-09",9387558,225301381,10747570,7269129,9387558,10489544
"2023-10-10",9648656,231567735,10968932,7781481,9648656,10713423
"2023-10-11",9677093,232250233,11057628,7812313,9677093,10808379
"2023-10-12",9858623,236606946,11097913,8021731,9858623,10786675
"2023-10-13",9792023,235008559,11034440,7980523,9792023,10750206
"2023-10-14",9145791,219498973,10177766,8009958,9145791,9863272
"2023-10-15",8239910,197757836,9372491,7017092,8239910,9234558
"2023-10-16",8272594,198542248,9704333,7011893,8272594,9507318
"2023-10-17",9466775,227202600,11054952,7311738,9466775,10767407
"2023-10-18",9687458,232498992,11073159,7840192,9687458,10836371
"2023-10-19",9803439,235282531,11129314,8004991,9803439,10895489
"2023-10-20",9575261,229806266,10850296,7920325,9575261,10487394
"2023-10-21",9068025,217632593,10148577,7754082,9068025,9806378
"2023-10-22",8191395,196593470,9470604,6904622,8191395,9328586
"2023-10-23",9507122,228170918,10907643,7390622,9507122,10643911
"2023-10-24",9534340,228824170,10825705,7832769,9534340,10570734
"2023-10-25",9388175,225316199,10511288,7775813,9388175,10202588
"2023-10-26",9221812,221323477,10531825,7411197,9221812,10182229
"2023-10-27",9171232,220109568,10411672,7504828,9171232,10083118
"2023-10-28",8724929,209398293,9844258,7467203,8724929,9399178
"2023-10-29",7836215,188069171,9149911,6823474,7836215,9005789
"2023-10-30",9143359,219440612,10524667,7083032,9143359,10255190
"2023-10-31",9202752,220866056,10355518,7432786,9202752,9952881
"2023-11-01",9115538,218772919,10305564,7629855,9115538,9993671
"2023-11-02",9106603,218558463,10425886,7279086,9106603,10123231
"2023-11-03",9217222,221213331,10580035,7370222,9217222,10285698
"2023-11-04",8918774,214050578,10143631,7567366,8918774,9796736
"2023-11-05",8173831,196171941,9397379,6964428,8173831,9246625
"2023-11-06",8306923,199366162,9736387,7008338,8306923,9520643
"2023-11-07",9301844,223244261,10789557,7281576,9301844,10523838
"2023-11-08",9637078,231289878,11086002,7691230,9637078,10823570
"2023-11-09",9851692,236440613,11241432,7925827,9851692,10974197
"2023-11-10",9748740,233969756,11065769,7994274,9748740,10783787
"2023-11-11",9330052,223921256,10531176,8019573,9330052,10146753
"2023-11-12",8411492,201875804,9538898,7278828,8411492,9386690
"2023-11-13",8596928,206326275,10125396,7159591,8596928,9934036
"2023-11-14",9652229,231653491,11109831,7588473,9652229,10860252
"2023-11-15",9550605,229214522,10718018,7971024,9550605,10466304
"2023-11-16",9675625,232214995,11126594,7755519,9675625,10836576
"2023-11-17",9762877,234309054,11064067,7931322,9762877,10710462
"2023-11-18",9095974,218303380,10236563,7866350,9095974,9890986
"2023-11-19",8086483,194075591,9372891,6938224,8086483,9190477
"2023-11-20",9292073,223009748,10769211,7221017,9292073,10428882
"2023-11-21",9523518,228564428,11041369,7580862,9523518,10673872
"2023-11-22",9545127,229083054,10876377,7718414,9545127,10613928
"2023-11-23",9662203,231892879,10970436,7810065,9662203,10719479
"2023-11-24",9659537,231828884,10832091,7933248,9659537,10557718
"2023-11-25",9081833,217963980,10191905,7779126,9081833,9883529
"2023-11-26",8328211,199877056,9640516,7032681,8328211,9524750
"2023-11-27",9519261,228462263,10890571,7504019,9519261,10638888
"2023-11-28",9700910,232821846,11024148,7820644,9700910,10766603
"2023-11-29",9679078,232297863,11014169,7866477,9679078,10758073
"2023-11-30",9702763,232866319,10991032,7907277,9702763,10721473
"2023-12-01",9627453,231058884,10908094,7836061,9627453,10617561
"2023-12-02",9151636,219639270,10375600,7831980,9151636,10029619
"2023-12-03",8405542,201732998,9737861,7033157,8405542,9606574
"2023-12-04",9570379,229689087,11026415,7614870,9570379,10794963
"2023-12-05",9809475,235427412,11153974,8005782,9809475,10876665
"2023-12-06",9759903,234237680,11044465,7947517,9759903,10753965
"2023-12-07",9515100,228362395,10710929,7965980,9515100,9961003
"2023-12-08",8751613,210038717,9916827,7460105,8751613,9753040
"2023-12-09",9134961,219239073,10424439,7675981,9134961,10153635
"2023-12-10",8594604,206270503,9910502,7364622,8594604,9745672
"2023-12-11",9679714,232313140,11085784,7637736,9679714,10869927
"2023-12-12",9869128,236859071,11179257,8000519,9869128,10942428
"2023-12-13",9825413,235809908,11115296,8000417,9825413,10817817
"2023-12-14",9825984,235823615,11074684,8056636,9825984,10779270
"2023-12-15",9681650,232359590,10838406,8032939,9681650,10534074
"2023-12-16",9140997,219383935,10194303,7873693,9140997,9909410
"2023-12-17",8368768,200850438,9567138,7110374,8368768,9457515
"2023-12-18",9447295,226735081,10699710,7524887,9447295,10524946
"2023-12-19",9537266,228894387,10715258,7909579,9537266,10475275
"2023-12-20",9565518,229572436,10745707,7841759,9565518,10518453
"2023-12-21",9465028,227160667,10661514,7891412,9465028,10459853
"2023-12-22",9487482,227699574,10608577,7853282,9487482,10369415
"2023-12-23",8954178,214900265,9991790,7847509,8954178,9789412
"2023-12-24",8239987,197759691,9594451,7089700,8239987,9195221
"2023-12-25",7813710,187529034,8967113,6742846,7813710,8843302
"2023-12-26",9046427,217114250,10360515,7178140,9046427,10158050
"2023-12-27",9206728,220961469,10406184,7584934,9206728,10197572
"2023-12-28",9182888,220389307,10365345,7605911,9182888,10145040
"2023-12-29",8974127,215379043,10042472,7594343,8974127,9850831
"2023-12-30",8474593,203390221,9560039,7323472,8474593,9373046
"2023-12-31",7924271,190182514,9244059,6853577,7924271,8909365
"2024-01-01",7289528,174948662,8402945,6328303,7289528,8275913
"2024-01-02",8446605,202718516,9782444,6854304,8446605,9583539
"2024-01-03",8909800,213835192,10207523,7349125,8909800,9986199
"2024-01-04",9099033,218376782,10382521,7563345,9099033,10160899
"2024-01-05",9172642,220143398,10337730,7683365,9172642,10132236
"2024-01-06",8772378,210537080,9929120,7587072,8772378,9700666
"2024-01-07",8156059,195745407,9303552,7013131,8156059,9143694
"2024-01-08",8312006,199488136,9697945,7047469,8312006,9513760
"2024-01-09",9268975,222455405,10571100,7447070,9268975,10376604
"2024-01-10",9524092,228578205,10725322,7806644,9524092,10517232
"2024-01-11",9616053,230785274,10818392,7924573,9616053,10590138
"2024-01-12",9667326,232015819,10805838,7978559,9667326,10546064
"2024-01-13",9183267,220398410,10263047,7970292,9183267,9980531
"2024-01-14",8402439,201658537,9676334,7152065,8402439,9499790
"2024-01-15",9542754,229026092,10894429,7604763,9542754,10649578
"2024-01-16",9675147,232203536,10874718,7929313,9675147,10628197
"2024-01-17",9746540,233916972,10970181,7981154,9746540,10735789
"2024-01-18",9769123,234458964,10948465,8052202,9769123,10728195
"2024-01-19",9793564,235045526,10989689,8006977,9793564,10697450
"2024-01-20",9358885,224613249,10370377,8085778,9358885,10107450
"2024-01-21",8501197,204028716,9752221,7350024,8501197,9584269
"2024-01-22",9564859,229556618,11013197,7592491,9564859,10746068
"2024-01-23",9731541,233556983,10987230,7973951,9731541,10724203
"2024-01-24",9739841,233756190,11048972,7978527,9739841,10762737
"2024-01-25",9732843,233588231,10967175,8031953,9732843,10670988
"2024-01-26",9770195,234484681,11058532,7987744,9770195,10797692
"2024-01-27",9330168,223924022,10363402,8086310,9330168,10094119
"2024-01-28",8485140,203643363,9761271,7298266,8485140,9576691
"2024-01-29",9610501,230652016,10963144,7629663,9610501,10652418
"2024-01-30",9809977,235439454,11022896,8043238,9809977,10763536
"2024-01-31",9746146,233907492,10899322,8035499,9746146,10654896
"2024-02-01",9638859,231332623,10806525,8031945,9638859,10556786
"2024-02-02",9483988,227615716,10419811,7956513,9483988,10191131
"2024-02-03",8984866,215636775,10069629,7760398,8984866,9781109
"2024-02-04",8212858,197108592,9495959,7108722,8212858,9306227
"2024-02-05",9236899,221685584,10548880,7446472,9236899,10258765
"2024-02-06",9342549,224221169,10574336,7658144,9342549,10291766
"2024-02-07",9207466,220979184,10295446,7680829,9207466,9992771
"2024-02-08",9227826,221467825,10451354,7486322,9227826,10164299
"2024-02-09",9372197,224932727,10577712,7577083,9372197,10301183
"2024-02-10",9078615,217886753,10169392,7789331,9078615,9879184
"2024-02-11",8411630,201879112,9773500,7155023,8411630,9570916
"2024-02-12",9552910,229269829,10924437,7658978,9552910,10638840
"2024-02-13",9730603,233534465,11093122,7955698,9730603,10800712
"2024-02-14",9794599,235070386,10972881,8092492,9794599,10730868
"2024-02-15",9858731,236609547,11093729,8086112,9858731,10847278
"2024-02-16",9905812,237739487,11066730,8205109,9905812,10821662
"2024-02-17",9492079,227809899,10543768,8218638,9492079,10268656
"2024-02-18",8641374,207392969,9977703,7419840,8641374,9802658
"2024-02-19",9679909,232317820,10975945,7833074,9679909,10712186
"2024-02-20",9753653,234087682,10955603,8089764,9753653,10692104
"2024-02-21",9557676,229384223,10782945,8026475,9557676,10489564
"2024-02-22",9484586,227630056,10703107,7830876,9484586,10418532
"2024-02-23",9558735,229409648,10782244,7813620,9558735,10439881
"2024-02-24",9218737,221249697,10245725,7892509,9218737,9982087
"2024-02-25",8382588,201182114,9610619,7212128,8382588,9438591
"2024-02-26",9450231,226805553,10807552,7589619,9450231,10522987
"2024-02-27",9691438,232594507,10894925,7955704,9691438,10637429
"2024-02-28",9735659,233655819,11011645,7912925,9735659,10744725
"2024-02-29",9803038,235272921,11095906,8034825,9803038,10805656
"2024-03-01",9667945,232030682,10799020,8087976,9667945,10555606
"2024-03-02",9183192,220396606,10251153,7942127,9183192,9977497
"2024-03-03",8305594,199334258,9665095,7153407,8305594,9481005
"2024-03-04",9542524,229020567,10865324,7604355,9542524,10611667
"2024-03-05",9744437,233866489,11096555,7991147,9744437,10818694
"2024-03-06",9885229,237245491,11220312,8119880,9885229,10941894
"2024-03-07",9976270,239430483,11295382,8226855,9976270,11002001
"2024-03-08",10010456,240250939,11161261,8287805,10010456,10847107
"2024-03-09",9513522,228324532,10527097,8271089,9513522,10236019
"2024-03-10",8753984,210095604,10102720,7477730,8753984,9917232
"2024-03-11",9892671,237424106,11170477,8056664,9892671,10926499
"2024-03-12",10029434,240706421,11310478,8233360,10029434,11053262
"2024-03-13",10095531,242292735,11383985,8325933,10095531,11104929
"2024-03-14",10122879,242949092,11323631,8360935,10122879,11083339
"2024-03-15",10102200,242452808,11284207,8343637,10102200,10997878
"2024-03-16",9676551,232237223,10717609,8368221,9676551,10438884
"2024-03-17",8771288,210510921,10137391,7512176,8771288,9955313
"2024-03-18",10008556,240205354,11436945,8034178,10008556,11169275
"2024-03-19",10033162,240795890,11191967,8291265,10033162,10948569
"2024-03-20",9969164,239259933,11196611,8270128,9969164,10930583
"2024-03-21",9894285,237462838,11081294,8168522,9894285,10850687
"2024-03-22",9983964,239615129,11207509,8227368,9983964,10951014
"2024-03-23",9564935,229558432,10616900,8266086,9564935,10360685
"2024-03-24",8739603,209750460,9848873,7558032,8739603,9673314
"2024-03-25",8933045,214393085,10268575,7702442,8933045,10054595
"2024-03-26",9546423,229114163,10907497,7870691,9546423,10438535
"2024-03-27",9263484,222323626,10267163,7844160,9263484,10044969
"2024-03-28",8295329,199087904,9386700,7189373,8295329,9189045
"2024-03-29",7935192,190444602,9010104,6866373,7935192,8850778
"2024-03-30",8424916,202197989,9668881,7115311,8424916,9437479
"2024-03-31",8249707,197992965,9533614,7024855,8249707,9360848
"2024-04-01",9362902,224709647,10692988,7417229,9362902,10436124
"2024-04-02",9439938,226558517,10650727,7797422,9439938,10405698
"2024-04-03",9544068,229057625,10804822,7787069,9544068,10557931
"2024-04-04",9506106,228146537,10714360,7938620,9506106,10455402
"2024-04-05",9627785,231066840,10831211,7783607,9627785,10623318
"2024-04-06",9349734,224393606,10433222,8069837,9349734,10165838
"2024-04-07",8647554,207541298,9981279,7330130,8647554,9806986
"2024-04-08",9723646,233367503,11046167,7840871,9723646,10791174
"2024-04-09",9761034,234264825,11031087,8071736,9761034,10775512
"2024-04-10",9841421,236194092,11216320,8050870,9841421,10959308
"2024-04-11",10016134,240387219,11398839,8232004,10016134,11118180
"2024-04-12",10019151,240459634,11196032,8326531,10019151,10945805
"2024-04-13",9521830,228523927,10562305,8246184,9521830,10293611
"2024-04-14",8638598,207326359,9892757,7374923,8638598,9739817
"2024-04-15",9778103,234674470,11118372,7816089,9778103,10884631
"2024-04-16",9937532,238500775,11241544,8220629,9937532,10977619
"2024-04-17",9918502,238044040,11134491,8311351,9918502,10865602
"2024-04-18",9829370,235904881,10988465,8172241,9829370,10750834
"2024-04-19",9632907,231189770,10730929,8083669,9632907,10491355
"2024-04-20",9187970,220511275,10212236,7938440,9187970,9972854
"2024-04-21",8306483,199355583,9583676,7197428,8306483,9385202
"2024-04-22",9150982,219623561,10394866,7480307,9150982,10121936
"2024-04-23",9342368,224216829,10714285,7616729,9342368,10449328
"2024-04-24",9568366,229640790,10946461,7827175,9568366,10687632
"2024-04-25",9620417,230890018,10859191,7992068,9620417,10604107
"2024-04-26",9317629,223623090,10338812,7821010,9317629,10105080
"2024-04-27",8997516,215940383,10023213,7744847,8997516,9775463
"2024-04-28",8056438,193354524,9256659,6869042,8056438,9084652
"2024-04-29",9225350,221408398,10710997,7306508,9225350,10446588
"2024-04-30",9473328,227359881,10672723,7755081,9473328,10396074
"2024-05-01",8735187,209644495,10093852,7397508,8735187,9892493
"2024-05-02",9456464,226955146,10761158,7694100,9456464,10515255
"2024-05-03",9500741,228017784,10608665,7838705,9500741,10391753
"2024-05-04",8972522,215340536,9907753,7870208,8972522,9657684
"2024-05-05",8185634,196455210,9597785,6909343,8185634,9409203
"2024-05-06",9507874,228188987,10953206,7560207,9507874,10684330
"2024-05-07",9605522,230532537,10887304,7916771,9605522,10655990
"2024-05-08",9484589,227630136,10774835,7918872,9484589,10498238
"2024-05-09",9356290,224550964,10526385,7812178,9356290,10263291
"2024-05-10",9468132,227235169,10751120,7675803,9468132,10525781
"2024-05-11",9194670,220672081,10250048,7943102,9194670,10014664
"2024-05-12",8266408,198393785,9277707,7223410,8266408,9118873
"2024-05-13",8568811,205651474,10097845,7162041,8568811,9892120
"2024-05-14",9582195,229972678,10928910,7788473,9582195,10689626
"2024-05-15",9585407,230049763,10829422,8025024,9585407,10598582
"2024-05-16",9675181,232204344,10954206,7974856,9675181,10703300
"2024-05-17",9672586,232142052,10872958,7965680,9672586,10650226
"2024-05-18",9312428,223498262,10369601,7993676,9312428,10105474
"2024-05-19",8640415,207369967,9936411,7343484,8640415,9767229
"2024-05-20",9671356,232112539,10968194,7822891,9671356,10606377
"2024-05-21",9437013,226488309,10669658,7892266,9437013,10402686
"2024-05-22",9409385,225825239,10553851,7816611,9409385,10253799
"2024-05-23",9521540,228516964,10855662,7719115,9521540,10587389
"2024-05-24",9590621,230174897,10772831,7915836,9590621,10498926
"2024-05-25",9071415,217713959,10056454,7866870,9071415,9810797
"2024-05-26",8401249,201629972,9653795,7165007,8401249,9479675
"2024-05-27",9311872,223484916,10702024,7469635,9311872,10462568
"2024-05-28",9561801,229483236,10897064,7841599,9561801,10622441
"2024-05-29",9462525,227100611,10697618,7875291,9462525,10442783
"2024-05-30",9438246,226517914,10605021,7857562,9438246,10349958
"2024-05-31",9434577,226429843,10699851,7691370,9434577,10441887
"2024-06-01",9204522,220908532,10387543,7825051,9204522,10110134
"2024-06-02",8501057,204025357,9759896,7298562,8501057,9561653
"2024-06-03",8542576,205021814,9940221,7269866,8542576,9730963
"2024-06-04",9302287,223254891,10591407,7648591,9302287,10341010
"2024-06-05",9364153,224739680,10692703,7690818,9364153,10433007
"2024-06-06",9417637,226023299,10581420,7856196,9417637,10289066
"2024-06-07",9437221,226493297,10725485,7646263,9437221,10469478
"2024-06-08",9170672,220096138,10260689,7873451,9170672,9974861
"2024-06-09",8157686,195784453,9365041,7117681,8157686,9136423
"2024-06-10",8378032,201072775,9831018,7038438,8378032,9589355
"2024-06-11",9197669,220744062,10526550,7466804,9197669,10231901
"2024-06-12",9382499,225179986,10630945,7673105,9382499,10357877
"2024-06-13",9442490,226619767,10738650,7750774,9442490,10461487
"2024-06-14",9408222,225797319,10504436,7793488,9408222,10249083
"2024-06-15",8714183,209140397,9756216,7631010,8714183,9493631
"2024-06-16",7906919,189766056,9092316,6763650,7906919,8914801
"2024-06-17",9253020,222072484,10682198,7234137,9253020,10450909
"2024-06-18",9432203,226372883,10623445,7813566,9432203,10181525
"2024-06-19",9252621,222062910,10426354,7526012,9252621,10143013
"2024-06-20",9260257,222246163,10575296,7607807,9260257,10270974
"2024-06-21",9399574,225589767,10583064,7702163,9399574,10329281
"2024-06-22",9010573,216253754,10008181,7796322,9010573,9736250
"2024-06-23",8187665,196503953,9455428,6996881,8187665,9268990
"2024-06-24",9304226,223301429,10732397,7354618,9304226,10437833
"2024-06-25",9404951,225718824,10621834,7746966,9404951,10361315
"2024-06-26",9331519,223956448,10541348,7813583,9331519,10255268
"2024-06-27",9280086,222722069,10451558,7651938,9280086,10187259
"2024-06-28",9299813,223195521,10497731,7647511,9299813,10229023
"2024-06-29",8902705,213664915,9992456,7658477,8902705,9722523
"2024-06-30",8199186,196780475,9315314,7013814,8199186,9132996
"2024-07-01",8313997,199535932,9669277,7023054,8313997,9470556
"2024-07-02",9303076,223273814,10587401,7590222,9303076,10257330
"2024-07-03",9388146,225315500,10710477,7676281,9388146,10406458
"2024-07-04",9449288,226782918,10702244,7805317,9449288,10422079
"2024-07-05",9128142,219075399,10105651,7792486,9128142,9821290
"2024-07-06",8842660,212223835,10017188,7404055,8842660,9722896
"2024-07-07",8230882,197541170,9643428,7033699,8230882,9406170
"2024-07-08",9416831,226003950,10795162,7503767,9416831,10486295
"2024-07-09",9573149,229755582,10878844,7905456,9573149,10573376
"2024-07-10",9610338,230648101,10848267,7844938,9610338,10524864
"2024-07-11",9633459,231203009,10854007,8021571,9633459,10568938
"2024-07-12",9571990,229727760,10723176,7948083,9571990,10464470
"2024-07-13",9131867,219164798,10292534,7835365,9131867,9994159
"2024-07-14",8429708,202312991,9262213,7270638,8429708,9042024
"2024-07-15",9432301,226375216,10766560,7572476,9432301,10522294
"2024-07-16",9564029,229536692,10753371,7890036,9564029,10523680
"2024-07-17",9696741,232721793,10871175,8108259,9696741,10576582
"2024-07-18",9554031,229296742,10808505,7875339,9554031,10541378
"2024-07-19",9424840,226196169,10450103,7894339,9424840,10177799
"2024-07-20",8682034,208368820,9932310,7417187,8682034,9672422
"2024-07-21",8381221,201149315,9707836,7142540,8381221,9510336
"2024-07-22",9517608,228422592,10891481,7674509,9517608,10618112
"2024-07-23",9613429,230722297,10871696,7934257,9613429,10570637
"2024-07-24",9644808,231475388,10980014,7935265,9644808,10681354
"2024-07-25",9671411,232113876,10942943,8065617,9671411,10663922
"2024-07-26",9655568,231733639,10835586,7972150,9655568,10570458
"2024-07-27",9200639,220815343,10252943,7995660,9200639,9976975
"2024-07-28",8498120,203954873,9873616,7237657,8498120,9659561
"2024-07-29",9694299,232663167,11087598,7749496,9694299,10813464
"2024-07-30",9763253,234318061,10929057,8163857,9763253,10647722
"2024-07-31",9729968,233519230,10996163,7951258,9729968,10744847
"2024-08-01",9565509,229572214,10729342,8038177,9565509,10379189
"2024-08-02",9614018,230736441,10914867,7821728,9614018,10641231
"2024-08-03",9251753,222042063,10286877,8023444,9251753,10015067
"2024-08-04",8429970,202319289,9764018,7128160,8429970,9594383
"2024-08-05",9470175,227284211,10755046,7701146,9470175,10466048
"2024-08-06",9393736,225449655,10651719,7755105,9393736,10369333
"2024-08-07",8654962,207719084,10025320,7443778,8654962,9753048
"2024-08-08",9520372,228488930,10909191,7605233,9520372,10635407
"2024-08-09",9565149,229563584,10749789,7881804,9565149,10490086
"2024-08-10",9050134,217203215,10072569,7794924,9050134,9790375
"2024-08-11",8204327,196903860,9508726,7000324,8204327,9315167
"2024-08-12",9381344,225152259,10772904,7423747,9381344,10506945
"2024-08-13",9412705,225904920,10795563,7747667,9412705,10503860
"2024-08-14",9611951,230686830,10934810,7739829,9611951,10684545
"2024-08-15",9781812,234763499,11167440,8001519,9781812,10885849
"2024-08-16",9802527,235260652,11009059,8146914,9802527,10656415
"2024-08-17",9129934,219118405,10213998,7928268,9129934,9944294
"2024-08-18",8316672,199600133,9526771,7133216,8316672,9328956
"2024-08-19",8682615,208382751,10217928,7304160,8682615,9966135
"2024-08-20",9746227,233909444,11107332,7852317,9746227,10829067
"2024-08-21",9780277,234726644,11081151,8082111,9780277,10819889
"2024-08-22",9728690,233488557,11032176,8063221,9728690,10798704
"2024-08-23",9714808,233155380,10840180,8065633,9714808,10590181
"2024-08-24",9162161,219891860,10189345,7908731,9162161,9936153
"2024-08-25",8299167,199180006,9544988,7165034,8299167,9345825
"2024-08-26",9074363,217784716,10423902,7427044,9074363,10131542
"2024-08-27",9440756,226578136,11012349,7487034,9440756,10725754
"2024-08-28",9783175,234796189,11128965,8036283,9783175,10868600
"2024-08-29",9902673,237664146,11224463,8130708,9902673,10982114
"2024-08-30",9811429,235474306,11068930,8098859,9811429,10831863
"2024-08-31",9295116,223082795,10339273,8082355,9295116,10052365
"2024-09-01",8265899,198381567,9614163,7059034,8265899,9425098
"2024-09-02",9460960,227063031,10921864,7515020,9460960,10649328
"2024-09-03",9640005,231360114,10932793,7995755,9640005,10660318
"2024-09-04",9587995,230111888,10997825,7859273,9587995,10728599
"2024-09-05",9631337,231152089,10976143,7906430,9631337,10699382
"2024-09-06",9658561,231805456,10837467,7935469,9658561,10584667
"2024-09-07",9158319,219799660,10344029,7804964,9158319,10086342
"2024-09-08",8506102,204146438,9773962,7246707,8506102,9606113
"2024-09-09",9707256,232974150,11203062,7595182,9707256,10978041
"2024-09-10",9969135,239259237,11250338,8186919,9969135,11004097
"2024-09-11",10027132,240651167,11410640,8185789,10027132,11182683
"2024-09-12",9899224,237581381,11119702,8303473,9899224,10889001
"2024-09-13",9911382,237873177,11189529,8095907,9911382,10971465
"2024-09-14",9646448,231514755,10657885,8282567,9646448,10453672
"2024-09-15",8945075,214681790,10373683,7548625,8945075,10227973
"2024-09-16",9920049,238081167,11337279,8173761,9920049,10471885
"2024-09-17",9517739,228425728,10826862,7839165,9517739,10598302
"2024-09-18",9902948,237670756,11441857,7946144,9902948,11219208
"2024-09-19",9975312,239407483,11130478,8345925,9975312,10814353
"2024-09-20",9799421,235186096,11043937,8052730,9799421,10830389
"2024-09-21",9435725,226457396,10490144,8161608,9435725,10258013
"2024-09-22",8389852,201356450,9668479,7233328,8389852,9439249
"2024-09-23",9536971,228887312,11088068,7419256,9536971,10859016
"2024-09-24",9914864,237956733,11247564,8076277,9914864,10997236
"2024-09-25",9801248,235229943,11032844,8135820,9801248,10810314
"2024-09-26",9673907,232173769,11010010,7904607,9673907,10751602
"2024-09-27",9773822,234571728,11057912,7970774,9773822,10795843
"2024-09-28",9148973,219575351,10135654,7971667,9148973,9809179
"2024-09-29",8127627,195063060,9392577,7038191,8127627,9211097
"2024-09-30",9125888,219021320,10516808,7261732,9125888,10272577
"2024-10-01",9490007,227760176,10953472,7665702,9490007,10715066
"2024-10-02",9618914,230853937,10962053,7819293,9618914,10692450
"2024-10-03",9674201,232180823,11160858,7911177,9674201,10919729
"2024-10-04",9731848,233564346,10868128,8107253,9731848,10618938
"2024-10-05",9173321,220159716,10303046,7885316,9173321,10007009
"2024-10-06",8335489,200051733,9631502,7125597,8335489,9456809
"2024-10-07",9315497,223571931,10650174,7443018,9315497,10382281
"2024-10-08",9322812,223747481,10579216,7657633,9322812,10284852
"2024-10-09",9498234,227957621,10931714,7635288,9498234,10675692
"2024-10-10",9451753,226842064,10724594,7871644,9451753,10379559
"2024-10-11",9499398,227985551,10889287,7664876,9499398,10603355
"2024-10-12",9170370,220088890,10311036,7934271,9170370,10056837
"2024-10-13",8338283,200118787,9564582,7160709,8338283,9393132
"2024-10-14",8503018,204072431,9937927,7119581,8503018,9769703
"2024-10-15",9404782,225714770,10854301,7552810,9404782,10524939
"2024-10-16",9514892,228357420,10905531,7743921,9514892,10644585
"2024-10-17",9784191,234820582,11245543,7886267,9784191,10977972
"2024-10-18",10000985,240023637,11380270,8139320,10000985,11084432
"2024-10-19",9435568,226453630,10546802,8204969,9435568,10179482
"2024-10-20",8442212,202613084,9787744,7225657,8442212,9604881
"2024-10-21",9394729,225473503,10773526,7454254,9394729,10470319
"2024-10-22",9522874,228548977,10841954,7807238,9522874,10554931
"2024-10-23",9603908,230493802,10993003,7817241,9603908,10711379
"2024-10-24",9754372,234104934,11158430,7907398,9754372,10914428
"2024-10-25",9890536,237372857,11303372,8017781,9890536,10988332
"2024-10-26",9564796,229555116,10719158,8249243,9564796,10404447
"2024-10-27",8770192,210484603,10032462,7523832,8770192,9891968
"2024-10-28",9656254,231750091,11038456,7679503,9656254,10798462
"2024-10-29",9820915,235701963,11189898,8017278,9820915,10931898
"2024-10-30",9772684,234544427,10951284,8125128,9772684,10627197
"2024-10-31",9330885,223941236,10472429,7744394,9330885,10034008
"2024-11-01",9204893,220917435,10475900,7690760,9204893,10136383
"2024-11-02",8849685,212392432,10101011,7504089,8849685,9745672
"2024-11-03",7995751,191898017,9203984,6917082,7995751,9032057
"2024-11-04",8145305,195487313,9616422,6921284,8145305,9398833
"2024-11-05",9320050,223681192,10878517,7297546,9320050,10576076
"2024-11-06",9521222,228509334,10922589,7691320,9521222,10640099
"2024-11-07",9508975,228215406,10865893,7792562,9508975,10531344
"2024-11-08",9322862,223748681,10515998,7689542,9322862,10134772
"2024-11-09",8810457,211450973,9992001,7517116,8810457,9650508
"2024-11-10",7981453,191554866,9267550,6771072,7981453,9122777
"2024-11-11",8103022,194472528,9489927,6915130,8103022,9299481
"2024-11-12",9175449,220210767,10586189,7200085,9175449,10327020
"2024-11-13",9383308,225199397,10827090,7572879,9383308,10515165
"2024-11-14",9448789,226770931,10890813,7670674,9448789,10560921
"2024-11-15",9515584,228374027,10851982,7741525,9515584,10543981
"2024-11-16",9023218,216557241,10142368,7781480,9023218,9826287
"2024-11-17",8316697,199600717,9623315,7133437,8316697,9475455
"2024-11-18",9356684,224560414,10828620,7389181,9356684,10528196
"2024-11-19",9553374,229280972,11064353,7770567,9553374,10599268
"2024-11-20",9403705,225688926,10785035,7643543,9403705,10452047
"2024-11-21",9424610,226190636,10773720,7686122,9424610,10469271
"2024-11-22",9309245,223421871,10574643,7677456,9309245,10259222
"2024-11-23",8900887,213621283,10073312,7592904,8900887,9765821
"2024-11-24",8296422,199114127,9718229,7026756,8296422,9550644
"2024-11-25",9516162,228387899,11039123,7462055,9516162,10783530
"2024-11-26",9661625,231878996,10858246,7975855,9661625,10601474
"2024-11-27",9580081,229921950,10989846,7804792,9580081,10692269
"2024-11-28",9613245,230717889,10997495,7832861,9613245,10728168
"2024-11-29",9711333,233071980,10930174,8015555,9711333,10661822
"2024-11-30",9277224,222653377,10515520,7918955,9277224,10231020
"2024-12-01",8632292,207174999,9943341,7357320,8632292,9808314
"2024-12-02",9612977,230711439,10951993,7747170,9612977,10740071
"2024-12-03",9741192,233788601,11090771,7957524,9741192,10850821
"2024-12-04",9837427,236098238,11265148,8038813,9837427,11001540
"2024-12-05",9847240,236333755,11177473,8132561,9847240,10939747
"2024-12-06",9750030,234000710,10968943,8123168,9750030,10693021
"2024-12-07",9129361,219104664,10306921,7983611,9129361,9737954
"2024-12-08",8390371,201368908,9696205,7104792,8390371,9552584
"2024-12-09",9618572,230845734,11070217,7575365,9618572,10855745
"2024-12-10",9866403,236793665,11213392,8047241,9866403,10948974
"2024-12-11",9840880,236181109,11221566,8075529,9840880,10993030
"2024-12-12",9895927,237502242,11188230,8197989,9895927,10906025
"2024-12-13",9805012,235320297,11030731,8160161,9805012,10757324
"2024-12-14",9226241,221429772,10337943,7991966,9226241,10100667
"2024-12-15",8523390,204561354,9774827,7268038,8523390,9640210
"2024-12-16",9632934,231190428,10981478,7755799,9632934,10754661
"2024-12-17",9733154,233595694,10968753,8056432,9733154,10776398
"2024-12-18",9865666,236775983,11090254,8107094,9865666,10846853
"2024-12-19",9820783,235698797,11030464,8149229,9820783,10805515
"2024-12-20",9751425,234034196,10913353,8173969,9751425,10688116
"2024-12-21",9253684,222088426,10270478,8087326,9253684,10057155
"2024-12-22",8548664,205167928,9676037,7422920,8548664,9552855
"2024-12-23",9206241,220949789,10383784,7591021,9206241,10171790
"2024-12-24",8669299,208063188,9787879,7642765,8669299,9360890
"2024-12-25",7736486,185675660,8980904,6605211,7736486,8858318
"2024-12-26",9090853,218180476,10524249,7214957,9090853,10272054
"2024-12-27",9224250,221382011,10453794,7735608,9224250,10228502
"2024-12-28",8824569,211789662,9925025,7632170,8824569,9695240
"2024-12-29",8248724,197969365,9496168,7093555,8248724,9340042
"2024-12-30",8720438,209290508,9890309,7281193,8720438,9677863
"2024-12-31",8156841,195764185,9382461,7203827,8156841,9048141
"2025-01-01",36512073,876289740,42009019,31589891,36512073,41387630
"2025-01-02",41849996,1004399912,49279147,34025809,41849996,48213234
"2025-01-03",43448755,1042770130,49852538,36740210,43448755,48728830
"2025-01-04",42264503,1014348081,47981811,37132378,42264503,46910149
"2025-01-05",38744253,929862064,44413280,34069648,38744253,43541530
"2025-01-06",39854563,956509520,47518218,33590238,39854563,46524121
"2025-01-07",45104789,1082514927,52261148,36339311,45104789,51200562
"2025-01-08",46553379,1117281085,52629990,38823748,46553379,51658437
"2025-01-09",46951623,1126838963,53361521,38915038,46951623,52145104
"2025-01-10",47351828,1136443860,53774649,38990671,47351828,52601165
"2025-01-11",45420725,1090097395,51258344,39177865,45420725,50025346
"2025-01-12",41725945,1001422683,48345018,35668921,41725945,47457625
"2025-01-13",46995774,1127898580,54256900,37413007,46995774,53066365
"2025-01-14",47770187,1146484498,54076937,39666585,47770187,52763383
"2025-01-15",47729839,1145516131,54093686,39614554,47729839,52711024
"2025-01-16",47741597,1145798319,54012511,39467094,47741597,52831586
"2025-01-17",48193852,1156652458,54409242,39748521,48193852,53123089
"2025-01-18",45753440,1098082557,51612581,39508274,45753440,50269652
"2025-01-19",42060318,1009447638,49050530,35884217,42060318,48099246
"2025-01-20",47762817,1146307605,54862646,38363381,47762817,53499903
"2025-01-21",48649358,1167584604,55364004,40185090,48649358,54048990
"2025-01-22",48868934,1172854416,55713479,40368368,48868934,54310001
"2025-01-23",49031862,1176764681,55641079,40815952,49031862,54287538
"2025-01-24",48991603,1175798468,55121405,40586422,48991603,53850738
"2025-01-25",46753755,1122090111,52025542,40827179,46753755,50715567
"2025-01-26",42515855,1020380517,49708689,36858308,42515855,48758504
"2025-01-27",48536607,1164878563,55557637,38865883,48536607,54190306
"2025-01-28",48762295,1170295069,55758037,40302138,48762295,54338251
"2025-01-29",49250555,1182013309,55591848,40396534,49250555,54209691
"2025-01-30",39587757,950106160,44821077,32644701,39587757,43752702
"2025-01-31",39625569,951013662,44427201,32978221,39625569,43416781
"2025-02-01",46923669,1126168060,52589450,40793000,46923669,51286566
"2025-02-02",42616335,1022792038,49613537,36780948,42616335,48687627
"2025-02-03",48178970,1156295284,54857480,38669098,48178970,53659901
"2025-02-04",48639448,1167346743,55290154,40209102,48639448,54050896
"2025-02-05",49092452,1178218850,55468387,40974893,49092452,54133156
"2025-02-06",48982274,1175574565,55711273,40664347,48982274,54335125
"2025-02-07",49194582,1180669967,55173805,40753060,49194582,53895963
"2025-02-08",46450335,1114808041,51473967,40714979,46450335,50222596
"2025-02-09",42372006,1016928142,48900581,37156454,42372006,47845938
"2025-02-10",47324838,1135796118,54608431,37868498,47324838,53144535
"2025-02-11",48050531,1153212749,54642594,40050135,48050531,53231677
"2025-02-12",48320799,1159699175,55408971,39718542,48320799,54014377
"2025-02-13",48588957,1166134956,55126685,40322142,48588957,53819523
"2025-02-14",48295718,1159097236,54450600,40163325,48295718,53169319
"2025-02-15",45960428,1103050262,51249527,40292124,45960428,49883441
"2025-02-16",41978527,1007484660,48896922,36113825,41978527,48000224
"2025-02-17",47397992,1137551819,54831641,38115723,47397992,53398594
"2025-02-18",47932105,1150370516,54775454,39814451,47932105,53335122
"2025-02-19",48449648,1162791548,55853465,39863229,48449648,54372474
"2025-02-20",48884553,1173229282,55818759,40542260,48884553,54435898
"2025-02-21",49175248,1180205948,55436532,40796308,49175248,54122608
"2025-02-22",46655270,1119726480,51669033,40983371,46655270,50299054
"2025-02-23",42616724,1022801366,49453664,37080949,42616724,48461309
"2025-02-24",48056554,1153357288,54707253,38445800,48056554,53447830
"2025-02-25",48750081,1170001955,55764813,40408351,48750081,54235444
"2025-02-26",48510880,1164261126,55261906,40127645,48510880,53833870
"2025-02-27",39030694,936736652,44126506,32552034,39030694,42947916
"2025-02-28",38751395,930033491,43591074,32413599,38751395,42583999
"2025-03-01",46349375,1112384992,51761546,40465197,46349375,50483460
"2025-03-02",42353430,1016482309,48887909,36899842,42353430,47905739
"2025-03-03",47275144,1134603455,54114440,38471096,47275144,52684373
"2025-03-04",48284572,1158829726,54602884,40306172,48284572,53214376
"2025-03-05",48537214,1164893140,54990125,40115805,48537214,53591374
"2025-03-06",48362571,1160701695,55041022,40118916,48362571,53632316
"2025-03-07",48575559,1165813412,54846053,39919293,48575559,53457022
"2025-03-08",46294587,1111070091,51774093,40013167,46294587,50404656
"2025-03-09",42676090,1024226151,49694942,36657868,42676090,48743679
"2025-03-10",48051405,1153233724,55499877,38625393,48051405,54121025
"2025-03-11",48688117,1168514801,54941161,40346074,48688117,53709313
"2025-03-12",48434208,1162420997,55479254,39893128,48434208,54133096
"2025-03-13",48748400,1169961612,55748987,40285459,48748400,54351089
"2025-03-14",48626563,1167037504,54801925,40308072,48626563,53478527
"2025-03-15",46253370,1110080878,51705552,40213758,46253370,50382357
"2025-03-16",42273927,1014574239,49267084,35770065,42273927,48376081
"2025-03-17",47770095,1146482274,54677000,39035368,47770095,53256202
"2025-03-18",47913391,1149921386,54752160,39960339,47913391,53302512
"2025-03-19",48325718,1159817227,55229011,39764721,48325718,53842104
"2025-03-20",48917361,1174016675,56076766,40142691,48917361,54540749
"2025-03-21",49048351,1177160429,55708608,40719842,49048351,54325583
"2025-03-22",47403635,1137687234,53024468,41004685,47403635,51745361
"2025-03-23",43253899,1038093570,49484758,37178731,43253899,48686385
"2025-03-24",44427909,1066269815,52759223,37578692,44427909,51491204
"2025-03-25",49540418,1188970040,57617103,40223706,49540418,55938657
"2025-03-26",49651914,1191645927,56515168,41143835,49651914,55119901
"2025-03-27",49576669,1189840060,56190425,41326645,49576669,55018572
"2025-03-28",49094023,1178256540,54930427,41179974,49094023,53685817
"2025-03-29",46783405,1122801714,51998107,40457099,46783405,50898415
"2025-03-30",33946496,814715908,39165614,29355677,33946496,38497628
"2025-03-31",37985555,911653329,43621715,30408285,37985555,42645378
"2025-04-01",57629189,1383100538,65848459,47461000,57629189,64214456
"2025-04-02",58146112,1395506682,65929347,47547942,58146112,64511875
"2025-04-03",58158733,1395809589,66170679,47959650,58158733,64556578
"2025-04-04",57735302,1385647240,65502610,48001184,57735302,63863902
"2025-04-05",55298373,1327160962,62127700,47703319,55298373,60721287
"2025-04-06",50563919,1213534066,58434047,43511322,50563919,57564123
"2025-04-07",56902185,1365652446,66226216,45119426,56902185,64694969
"2025-04-08",57719259,1385262212,66333429,47734690,57719259,64639383
"2025-04-09",58180272,1396326523,66316172,48247237,58180272,64692726
"2025-04-10",57758515,1386204365,65411360,48565577,57758515,63796503
"2025-04-11",56505100,1356122396,63957494,47255372,56505100,62490637
"2025-04-12",55306238,1327349722,63077461,46766019,55306238,61618827
"2025-04-13",52330571,1255933703,60906557,44589596,52330571,59943992
"2025-04-14",58702716,1408865187,67287947,47843576,58702716,65822708
"2025-04-15",59536801,1428883224,67182092,49570572,59536801,65986237
"2025-04-16",58664675,1407952207,65048742,49982661,58664675,63718624
"2025-04-17",51957564,1246981534,58355174,45561923,51957564,57410252
"2025-04-18",49152274,1179654571,56455221,42977509,49152274,55445754
"2025-04-19",52005840,1248140154,60086439,44551957,52005840,58702492
"2025-04-20",50887169,1221292057,59000236,43605105,50887169,58004008
"2025-04-21",57312080,1375489913,65779724,46159908,57312080,64150652
"2025-04-22",57989545,1391749072,65827365,47332305,57989545,64200703
"2025-04-23",58124127,1394979042,66402122,47833377,58124127,64825037
"2025-04-24",58649942,1407598616,67385392,48010136,58649942,65625995
"2025-04-25",58719195,1409260679,65852005,48921447,58719195,64351015
"2025-04-26",55405687,1329736483,61756693,48295435,55405687,60277795
"2025-04-27",50591151,1214187626,58907541,43673450,50591151,57819256
"2025-04-28",56891059,1365385404,65891258,45807816,56891059,64068512
"2025-04-29",47992384,1151817211,54742437,39490711,47992384,53419937
"2025-04-30",47626886,1143045258,53967991,39509928,47626886,52770513
"2025-05-01",35234022,845616528,40768251,30367569,35234022,39803642
"2025-05-02",38358880,920613126,43576040,31112265,38358880,42628204
"2025-05-03",36112234,866693625,40251714,31660382,36112234,39235881
"2025-05-04",33437743,802505835,39334366,28279530,33437743,38624578
"2025-05-05",37377453,897058866,43118197,30423651,37377453,41970894
"2025-05-06",38136317,915271612,43865974,31338540,38136317,42818721
"2025-05-07",38020989,912503732,43398958,31600051,38020989,42256781
"2025-05-08",38169519,916068448,43756373,31336886,38169519,42647683
"2025-05-09",38770236,930485662,44664244,31419739,38770236,43577008
"2025-05-10",37959621,911030916,42894140,32659537,37959621,41887633
"2025-05-11",34761772,834282524,39768350,29772781,34761772,39175548
"2025-05-12",39706315,952951564,46045784,31906590,39706315,44891007
"2025-05-13",40031045,960745084,45349595,33563314,40031045,44370471
"2025-05-14",39754892,954117398,45448042,33296142,39754892,44079544
"2025-05-15",38839335,932144030,43056009,32824236,38839335,42256864
"2025-05-16",38555080,925321922,43215710,31933504,38555080,42252821
"2025-05-17",36488034,875712827,40744523,31913925,36488034,39736333
"2025-05-18",33755999,810143969,39175034,28830126,33755999,38359262
"2025-05-19",37518126,900435035,43771299,29885658,37518126,42643877
"2025-05-20",38738034,929712814,44479971,31962204,38738034,43368978
"2025-05-21",39319794,943675055,45124995,32398627,39319794,43965298
"2025-05-22",39426973,946247362,45073715,32593535,39426973,43922544
"2025-05-23",40136957,963286973,45747423,32943435,40136957,44724596
"2025-05-24",38591369,926192848,42913735,33699957,38591369,41929887
"2025-05-25",35406243,849749826,41000067,30289540,35406243,40258745
"2025-05-26",39128562,939085499,44757226,31964262,39128562,43624539
"2025-05-27",39251283,942030792,44729250,32607216,39251283,43558690
"2025-05-28",39487102,947690458,45482059,32611490,39487102,44119648
"2025-05-29",39677390,952257356,45661881,32105488,39677390,44591119
"2025-05-30",30136162,723267883,33617582,25211058,30136162,32838469
"2025-05-31",28033585,672806045,31182365,24603903,28033585,30453983
"2025-06-01",33405569,801733665,38817754,28726302,33405569,38051291
"2025-06-02",34887512,837300287,41385367,29285619,34887512,40393390
"2025-06-03",38866053,932785278,44521362,31568454,38866053,43444675
"2025-06-04",39425880,946221112,45019231,32422329,39425880,43950937
"2025-06-05",39642140,951411363,45122544,32894476,39642140,43994192
"2025-06-06",39571875,949725001,44207939,32740520,39571875,43143002
"2025-06-07",37955868,910940834,42939966,32512335,37955868,41856569
"2025-06-08",35533801,852811228,41623537,30024101,35533801,40730416
"2025-06-09",39304829,943315904,45065671,31903794,39304829,43895834
"2025-06-10",39027086,936650057,44261905,32875992,39027086,42978213
"2025-06-11",38406324,921751777,44092506,31787202,38406324,42795621
"2025-06-12",38798370,931160873,43861568,32085923,38798370,42751026
"2025-06-13",37978181,911476347,42677449,32062536,37978181,41448912
"2025-06-14",35765810,858379432,40343367,30634723,35765810,39264534
"2025-06-15",33385982,801263572,38944884,28343264,33385982,38167631
"2025-06-16",38618455,926842915,44698658,30635946,38618455,43551259
"2025-06-17",39167823,940027756,43731985,32505828,39167823,42891821
"2025-06-18",39631412,951153892,45578638,32571663,39631412,44179154
"2025-06-19",40217826,965227823,45920926,33115795,40217826,44753190
"2025-06-20",40449943,970798635,45487901,33835864,40449943,44457453
"2025-06-21",38371024,920904570,42853634,33628459,38371024,41686349
"2025-06-22",33939889,814557344,38604690,30026982,33939889,37767617
"2025-06-23",34267452,822418851,40417166,29329222,34267452,39412680
"2025-06-24",38365777,920778644,43829914,30982378,38365777,42313307
"2025-06-25",39260469,942251251,45168326,32006829,39260469,43988951
"2025-06-26",39862713,956705120,45469251,32903399,39862713,44354049
"2025-06-27",39848464,956363142,44569473,33311473,39848464,43597563
"2025-06-28",37563989,901535726,42010043,32764181,37563989,40936535
"2025-06-29",25879132,621099178,29656971,22421453,25879132,29077772
"2025-06-30",26599527,638388644,31085403,22622959,26599527,30350566
"2025-07-01",49040116,1176962772,55866280,39933915,49040116,54549012
"2025-07-02",49924718,1198193241,56526813,41658876,49924718,55131883
"2025-07-03",49829056,1195897340,56335017,41354946,49829056,55070301
"2025-07-04",49245616,1181894790,54942646,41494394,49245616,53609090
"2025-07-05",45883376,1101201035,51582326,40442058,45883376,50090770
"2025-07-06",42792809,1027027411,49914660,36320887,42792809,48910096
"2025-07-07",48854520,1172508471,56596107,39423215,48854520,55088618
"2025-07-08",49973820,1199371688,56878679,41437304,49973820,55436690
"2025-07-09",50103183,1202476388,57111419,41565924,50103183,55696428
"2025-07-10",50095006,1202280153,57118212,41262907,50095006,55752209
"2025-07-11",50013383,1200321186,56106323,42091686,50013383,54735699
"2025-07-12",47407718,1137785231,52756328,41434066,47407718,51323229
"2025-07-13",43153115,1035674757,50540099,37149198,43153115,49293421
"2025-07-14",48587200,1166092804,56273353,38862250,48587200,54642306
"2025-07-15",49637459,1191299023,57041233,41062740,49637459,55499724
"2025-07-16",50185298,1204447155,57009472,41621035,50185298,55495621
"2025-07-17",50491854,1211804507,57249128,41920995,50491854,55739304
"2025-07-18",50953373,1222880947,57235082,42765544,50953373,55873864
"2025-07-19",48471473,1163315359,54005745,42475610,48471473,52584560
"2025-07-20",44471614,1067318731,51292645,38107746,44471614,50313954
"2025-07-21",49838593,1196126225,57439642,40288952,49838593,55852556
"2025-07-22",50966680,1223200313,57646421,42226417,50966680,56221557
"2025-07-23",50429754,1210314107,57541947,42048957,50429754,55940515
"2025-07-24",50920242,1222085819,57707093,42180306,50920242,56236706
"2025-07-25",50397203,1209532866,56742049,41945901,50397203,55237215
"2025-07-26",47269815,1134475568,52667661,41379135,47269815,51281462
"2025-07-27",43141499,1035395968,50909989,36640949,43141499,49672962
"2025-07-28",49352857,1184468577,57380893,39463630,49352857,55812461
"2025-07-29",49975308,1199407381,56358844,41843035,49975308,54765860
"2025-07-30",39615819,950779660,45795483,32265839,39615819,44575189
"2025-07-31",40488650,971727590,46321703,33187882,40488650,45095962
"2025-08-01",51058786,1225410872,58018211,42492957,51058786,56580978
"2025-08-02",48475079,1163401901,53326670,42483710,48475079,52035345
"2025-08-03",43273287,1038558885,49318567,37542533,43273287,48339035
"2025-08-04",48572635,1165743248,56669280,38379281,48572635,55057381
"2025-08-05",49566028,1189584673,56142663,41467147,49566028,54635837
"2025-08-06",49358725,1184609406,56430479,40650457,49358725,54879188
"2025-08-07",45940825,1102579804,53229866,39444827,45940825,51813737
"2025-08-08",49198058,1180753382,56357528,40358933,49198058,54859317
"2025-08-09",46034893,1104837437,51256062,40584849,46034893,49867101
"2025-08-10",42026408,1008633789,48444567,36311488,42026408,47490873
"2025-08-11",48250788,1158018922,56285079,37985223,48250788,54647392
"2025-08-12",49582037,1189968879,57785412,40337614,49582037,56146167
"2025-08-13",50352635,1208463240,57292814,41888610,50352635,55720569
"2025-08-14",50342870,1208228871,57294183,41763176,50342870,55903022
"2025-08-15",49503350,1188080411,55635468,41604304,49503350,54176954
"2025-08-16",46326431,1111834355,51909371,40768481,46326431,50441807
"2025-08-17",42095730,1010297528,48553902,36295420,42095730,47567917
"2025-08-18",43724937,1049398500,51872648,37248556,43724937,50601692
"2025-08-19",49082177,1177972240,57775858,39200788,49082177,56217165
"2025-08-20",50908383,1221801181,58410670,42055476,50908383,56778742
"2025-08-21",51149683,1227592387,58036811,42601829,51149683,56808175
"2025-08-22",50713966,1217135178,56984548,42333961,50713966,55672910
"2025-08-23",47691730,1144601515,53970757,41109371,47691730,52603114
"2025-08-24",44360881,1064661144,52100204,37726801,44360881,50982950
"2025-08-25",49999068,1199977628,57757214,40199598,49999068,56358167
"2025-08-26",50828680,1219888316,58335008,41498106,50828680,56872581
"2025-08-27",51052868,1225268827,58549010,42371557,51052868,57147726
"2025-08-28",50928758,1222290181,58681382,41827868,50928758,57207934
"2025-08-29",51158806,1227811354,58624416,42180337,51158806,57264994
"2025-08-30",38792107,931010573,42994013,33996311,38792107,41899769
"2025-08-31",35427234,850253616,41043237,30349698,35427234,40326469
"2025-09-01",49501228,1188029477,56346270,40161096,49501228,54990709
"2025-09-02",50247608,1205942583,57638976,41141928,50247608,56292845
"2025-09-03",50402997,1209671931,58233789,41677559,50402997,56769375
"2025-09-04",51068991,1225655795,58240371,42472224,51068991,56464540
"2025-09-05",49932772,1198386527,55854488,41649053,49932772,54517985
"2025-09-06",46871846,1124924310,52882831,40439665,46871846,51660433
"2025-09-07",42876382,1029033169,49494094,37031189,42876382,48456411
"2025-09-08",48212367,1157096809,56461332,38145953,48212367,55112891
"2025-09-09",50401025,1209624612,58678299,40528625,50401025,57163981
"2025-09-10",51481894,1235565461,59259143,42355605,51481894,57786544
"2025-09-11",51829289,1243902943,58773963,42903208,51829289,57552894
"2025-09-12",50318252,1207638049,56743548,42621841,50318252,55546088
"2025-09-13",48461227,1163069456,54594555,41662935,48461227,53365133
"2025-09-14",44204533,1060908782,51456968,37782042,44204533,50431072
"2025-09-15",50659271,1215822508,58923974,39793315,50659271,57711137
"2025-09-16",51216503,1229196073,57636513,42837873,51216503,56301807
"2025-09-17",50389964,1209359126,57264369,41465577,50389964,56083401
"2025-09-18",49613071,1190713707,56249041,41147004,49613071,54983498
"2025-09-19",49372311,1184935464,55769733,41130504,49372311,54442884
"2025-09-20",46934965,1126439164,53312817,39866181,46934965,51983458
"2025-09-21",43848589,1052366140,51119008,37314910,43848589,50114314
"2025-09-22",49338808,1184131398,57569253,39188908,49338808,56185850
"2025-09-23",51099677,1226392256,58751146,41835466,51099677,57532947
"2025-09-24",51232530,1229580712,58556151,42580685,51232530,57187614
"2025-09-25",50678121,1216274904,58434663,41872827,50678121,57256510
"2025-09-26",50618184,1214836415,56693591,42483874,50618184,55245876
"2025-09-27",47824618,1147790824,53779805,41382331,47824618,52355929
"2025-09-28",43989781,1055754742,51252562,37735093,43989781,50470834
"2025-09-29",39571171,949708097,46025360,31556777,39571171,44762643
"2025-09-30",39205178,940924282,44881283,32120366,39205178,43903936
"2025-10-01",39378982,945095575,45314583,32453544,39378982,44345631
"2025-10-02",39628586,951086062,45679156,32863805,39628586,44695854
"2025-10-03",39699171,952780108,44762773,32706241,39699171,43635896
"2025-10-04",37207793,892987024,42395722,32322202,37207793,40886920
"2025-10-05",34954334,838904021,41009610,29597551,34954334,40423206
"2025-10-06",39516928,948406270,45086651,31860630,39516928,44062230
"2025-10-07",40059596,961430303,46185293,32645393,40059596,45223421
"2025-10-08",40149981,963599540,45115984,33492098,40149981,44162529
"2025-10-09",39966830,959203910,45597653,33051101,39966830,44225833
"2025-10-10",39037138,936891307,44209801,32624333,39037138,43012251
"2025-10-11",36533826,876811826,41542245,31754359,36533826,40113840
"2025-10-12",33055127,793323051,38390115,28397788,33055127,37661481
"2025-10-13",33980092,815522213,40621694,28529724,33980092,39736938
"2025-10-14",38560461,925451061,45133350,30437095,38560461,44071409
"2025-10-15",39065782,937578761,44955943,31958780,39065782,43566660
"2025-10-16",38431191,922348575,44513537,31387524,38431191,43275143
"2025-10-17",39010953,936262867,45002052,31862646,39010953,43769659
"2025-10-18",37858229,908597507,42943855,32425665,37858229,41517994
"2025-10-19",34909520,837828475,41007485,29461282,34909520,40293309
"2025-10-20",39240257,941766161,45257193,31794789,39240257,43953386
"2025-10-21",39501340,948032163,45612514,32385725,39501340,44462735
"2025-10-22",39725374,953408971,45362633,32929347,39725374,44204549
"2025-10-23",39806582,955357976,45722454,32947195,39806582,44458654
"2025-10-24",39994362,959864688,45609251,32974650,39994362,44216121
"2025-10-25",38120978,914903460,43563142,32797719,38120978,42151653
"2025-10-26",35562066,853489581,41392766,30385153,35562066,40622084
"2025-10-27",39274070,942577692,45317544,31694087,39274070,44258616
"2025-10-28",40435760,970458240,47142060,32868006,40435760,45869812
"2025-10-29",40604360,974504647,46747788,33621374,40604360,45429737
"2025-10-30",30171711,724121074,34414966,25164605,30171711,33541604
"2025-10-31",29751479,714035504,33263185,24774282,29751479,32190331
"2025-11-01",38145392,915489408,43601427,32930257,38145392,42327502
"2025-11-02",35336121,848066914,40743439,30421053,35336121,40025747
"2025-11-03",36064472,865547322,42341663,30698037,36064472,41461543
"2025-11-04",39804815,955315564,46206195,31747179,39804815,45037015
"2025-11-05",40154524,963708582,46287209,33171641,40154524,45025917
"2025-11-06",40160051,963841219,46108599,33099109,40160051,44938909
"2025-11-07",40888993,981335822,47013530,33393044,40888993,45769439
"2025-11-08",39607813,950587520,44908649,34051252,39607813,43466751
"2025-11-09",36533695,876808679,41871031,31253351,36533695,41390469
"2025-11-10",40343056,968233344,46717222,32907378,40343056,45414706
"2025-11-11",40359520,968628483,46015238,33693278,40359520,45210618
"2025-11-12",40816371,979592906,46673474,33853767,40816371,45239807
"2025-11-13",40661906,975885735,46620075,33393966,40661906,45508084
"2025-11-14",40711791,977082994,46248011,33659188,40711791,44931775
"2025-11-15",38386127,921267037,42969227,33632505,38386127,41668808
"2025-11-16",34358791,824610987,39570345,29589431,34358791,38879628
"2025-11-17",35337886,848109268,41852427,29693270,35337886,41044357
"2025-11-18",39947504,958740097,46578185,31799561,39947504,45519314
"2025-11-19",40940122,982562917,46903299,33892492,40940122,45577836
"2025-11-20",40926433,982234390,46784758,33498234,40926433,45552370
"2025-11-21",40779564,978709537,46524783,33760602,40779564,45100014
"2025-11-22",39002658,936063780,44397592,33592779,39002658,43058969
"2025-11-23",35854192,860500614,41503332,30964465,35854192,40852659
"2025-11-24",40196079,964705901,46006518,32323573,40196079,45022429
"2025-11-25",40862687,980704486,46878811,33470701,40862687,45758050
"2025-11-26",41326519,991836454,46980989,34198968,41326519,46005915
"2025-11-27",41352078,992449874,46769095,34502286,41352078,45552903
"2025-11-28",39999940,959998551,44554734,34130046,39999940,43213626
"2025-11-29",36973478,887363479,42076079,31846211,36973478,40842564
"2025-11-30",34708299,832999174,40404999,30094784,34708299,39751656
"2025-12-01",38508353,924200482,44235737,31025918,38508353,43159105
"2025-12-02",39380475,945131399,45420339,31916395,39380475,44175645
"2025-12-03",40017880,960429121,45939201,32943572,40017880,44728968
"2025-12-04",40051058,961225384,46063827,33083101,40051058,44755297
"2025-12-05",40055154,961323702,45905460,33061763,40055154,44646279
"2025-12-06",38437147,922491532,43208768,33247248,38437147,42043304
"2025-12-07",35131011,843144270,40653625,30809591,35131011,38582116
"2025-12-08",35370672,848896140,41475806,29772935,35370672,40758626
"2025-12-09",40234285,965622840,46625448,32446489,40234285,45490762
"2025-12-10",40765784,978378827,47024920,33861910,40765784,45908208
"2025-12-11",41086581,986077933,47226479,33963483,41086581,46175243
"2025-12-12",41067920,985630071,46493252,34479587,41067920,45331792
"2025-12-13",38718244,929237850,43788014,33816744,38718244,42556716
"2025-12-14",35645883,855501199,41573681,30330061,35645883,40912534
"2025-12-15",40339658,968151781,46340392,32590867,40339658,45331764
"2025-12-16",40674277,976182654,46260516,33891659,40674277,45005039
"2025-12-17",40743066,977833592,46347311,33945128,40743066,45186989
"2025-12-18",40858502,980604042,46692962,34090330,40858502,45497803
"2025-12-19",40760377,978249039,46035617,33956887,40760377,44765181
"2025-12-20",38138857,915332557,42879940,33721580,38138857,41881837
"2025-12-21",35661798,855883146,41111105,30746193,35661798,40537551
"2025-12-22",39284603,942830462,45015544,32171622,39284603,44193209
"2025-12-23",39583516,950004394,44626653,33244820,39583516,43717706
"2025-12-24",36785767,882858418,41735502,32892599,36785767,39762594
"2025-12-25",32581443,781954634,37462470,28125121,32581443,36889697
"2025-12-26",37100990,890423754,43637548,29913988,37100990,42690341
"2025-12-27",37041538,888996904,42666764,31951237,37041538,41725425
"2025-12-28",35111318,842671634,41024813,30068069,35111318,40291809
"2025-12-29",38270448,918490743,44192331,31635859,38270448,43218706
"2025-12-30",38005937,912142496,43125795,32228686,38005937,42277839
"2025-12-31",35617147,854811530,41051367,31674784,35617147,39592638
"2026-01-01",31886704,765280886,36463954,28097267,31886704,35917708
"2026-01-02",35610165,854643949,41237065,30084692,35610165,40473750
"2026-01-03",35605965,854543162,40596411,31145818,35605965,39869176
"2026-01-04",33809585,811430047,39146343,29520881,33809585,38436199
"2026-01-05",37552338,901256119,43417824,30628215,37552338,42437572
"2026-01-06",37982347,911576321,43221418,31948118,37982347,42286966
"2026-01-07",38429754,922314106,44191685,31932781,38429754,43104372
"2026-01-08",38922440,934138549,44662588,32457718,38922440,43602999
"2026-01-09",39326275,943830590,44646286,33087116,39326275,43642057
"2026-01-10",37580522,901932530,42417696,33047825,37580522,41372767
"2026-01-11",34612979,830711502,39726243,30376007,34612979,38963778
"2026-01-12",35003441,840082590,40853914,30493995,35003441,40007969
"2026-01-13",38518687,924448493,44136524,31151850,38518687,43137828
"2026-01-14",39267895,942429492,45159413,32473542,39267895,44082968
"2026-01-15",39771337,954512100,45089006,33107219,39771337,44112300
"2026-01-16",39837313,956095508,45318299,32855688,39837313,44266466
"2026-01-17",38552146,925251498,43515224,33443382,38552146,42464709
"2026-01-18",35777541,858660981,41739628,30818361,35777541,40992126
"2026-01-19",40205569,964933658,45992268,32690273,40205569,44836793
"2026-01-20",40314208,967540996,45973338,33459794,40314208,44889434
"2026-01-21",40689728,976553473,46386746,33624112,40689728,45368526
"2026-01-22",40862782,980706764,46068467,34134104,40862782,44975209
"2026-01-23",40369254,968862092,45806110,33471779,40369254,44683946
"2026-01-24",38601581,926437955,43223119,33655367,38601581,42218001
"2026-01-25",35595495,854291868,41537520,30864182,35595495,40716095
"2026-01-26",40012307,960295362,46094568,32222324,40012307,45036842
"2026-01-27",40605563,974533512,45842170,33892276,40605563,44673679
"2026-01-28",40313382,967521166,45758865,33650485,40313382,44671577
"2026-01-29",40260579,966253889,45983482,33548566,40260579,44886166
"2026-01-30",40420430,970090328,45610200,33733763,40420430,44534850
"2026-01-31",37939701,910552827,42479157,33624243,37939701,41418493
"2026-02-01",25126569,603037651,28918913,22399971,25126569,28241912
"2026-02-02",27367902,656829637,31727646,21933186,27367902,30842744
"2026-02-03",28694851,688676424,33654297,22868432,28694851,32694389
"2026-02-04",29516730,708401526,34324227,23820130,29516730,33327799
"2026-02-05",29892830,717427930,34651400,24564797,29892830,33779894
"2026-02-06",29609721,710633303,33163699,25073341,29609721,32304072
"2026-02-07",27935195,670444690,31599814,24253994,27935195,30792294
"2026-02-08",25901690,621640559,30453158,22551592,25901690,29734827
"2026-02-09",29613308,710719390,34745399,23535939,29613308,33844325
"2026-02-10",30254313,726103511,35013997,24990983,30254313,34063693
"2026-02-11",30569324,733663766,35215037,25212717,30569324,34321419
"2026-02-12",30726186,737428454,35246107,25554297,30726186,34378606
"2026-02-13",30791171,738988115,34694956,25919783,30791171,33877991
"2026-02-14",28895223,693485356,32321609,25554839,28895223,31487131
"2026-02-15",26140582,627373962,30277713,23007390,26140582,29570343
"2026-02-16",29177749,700265967,33735780,23590955,29177749,32829274
"2026-02-17",29914763,717954315,34319087,24768783,29914763,33380752
"2026-02-18",30116380,722793118,34519597,24918180,30116380,33654398
"2026-02-19",30215598,725174353,34475635,25067935,30215598,33583995
"2026-02-20",30559045,733417072,34865501,25156811,30559045,34039354
"2026-02-21",29313981,703535537,32903049,25502606,29313981,32091804
"2026-02-22",26756572,642157718,31080778,23277410,26756572,30449312
"2026-02-23",29945222,718685319,34341503,24207985,29945222,33493914
"2026-02-24",29891531,717396742,34197056,24871605,29891531,33287915
"2026-02-25",30283391,726801379,34993220,24963242,30283391,34109894
"2026-02-26",30817721,739625294,35583686,25443005,30817721,34722732
"2026-02-27",31122309,746935421,35460887,25742964,31122309,34649956
"2026-02-28",29717159,713211820,33407663,26057320,29717159,32580947
"2026-03-01",9033728,216809479,10569641,7827257,9033728,10361910
"2026-03-02",10117613,242822721,11764679,8138313,10117613,11475562
"2026-03-03",10385129,249243099,11901223,8631929,10385129,11609526
"2026-03-04",10437987,250511690,11975782,8667486,10437987,11684408
"2026-03-05",10378346,249080306,11877705,8731164,10378346,11578404
"2026-03-06",10352875,248468991,11682238,8668281,10352875,11401501
"2026-03-07",9841731,236201542,11046811,8640722,9841731,10765756
"2026-03-08",8889905,213357718,10298126,7891883,8889905,10093841
"2026-03-09",10073605,241766509,11753549,8061823,10073605,11410462
"2026-03-10",10298138,247155320,11805252,8525425,10298138,11481700
"2026-03-11",10287801,246907218,11789793,8596481,10287801,11495467
"2026-03-12",10296192,247108613,11706520,8571271,10296192,11388711
"2026-03-13",10218903,245253662,11693811,8512194,10218903,11378776
"2026-03-14",9768933,234454384,11028792,8509568,9768933,10739455
"2026-03-15",9027486,216659667,10647999,7773785,9027486,10430786
"2026-03-16",10267622,246422917,11995534,8190011,10267622,11677628
"2026-03-17",10435194,250444654,11876410,8750942,10435194,11576367
"2026-03-18",10265866,246380785,11691425,8627924,10265866,11362616
"2026-03-19",10171182,244108365,11754138,8412879,10171182,11452278
"2026-03-20",10223920,245374083,11738887,8477707,10223920,11427966
"2026-03-21",9720848,233300356,10998155,8544756,9720848,10710252
"2026-03-22",8878227,213077442,10330426,7652448,8878227,10118239
"2026-03-23",9204897,220917523,10902771,7826988,9204897,10657316
"2026-03-24",10190085,244562040,11771442,8296203,10190085,11471292
"2026-03-25",10416631,249999149,12030028,8614299,10416631,11705899
"2026-03-26",10500738,252017709,12114003,8683650,10500738,11779967
"2026-03-27",10331715,247961165,11703289,8647845,10331715,11406106
"2026-03-28",9880615,237134767,11125755,8584257,9880615,10858883
"2026-03-29",9176066,220225588,10645391,7909501,9176066,10407812
"2026-03-30",10006771,240162506,11398368,8199351,10006771,11123650
"2026-03-31",10036617,240878804,11426188,8362113,10036617,11133690
