date,value,gen_total,gen_hidro,gen_termica,gen_solar,gen_eolica,ratio_hidro
"2023-01-01",176932653,176932653,128672613,45482533,2160871,616636,72.72
"2023-01-02",200370859,200370859,152364989,45477741,1986399,541731,76.04
"2023-01-03",211134449,211134449,163495189,45319399,1838158,481703,77.44
"2023-01-04",216471776,216471776,168002330,45943580,2045703,480163,77.61
"2023-01-05",217234261,217234261,165624868,48912335,2201459,495600,76.24
"2023-01-06",220458817,220458817,169589034,48272684,2003915,593185,76.93
"2023-01-07",212133192,212133192,164811497,45156495,1492833,672367,77.69
"2023-01-08",193547806,193547806,156649359,34703866,1562336,632245,80.94
"2023-01-09",198052265,198052265,156685622,38972203,1833181,561259,79.11
"2023-01-10",216201187,216201187,175153688,39203737,1359615,484147,81.01
"2023-01-11",218746966,218746966,176609620,39940486,1644747,552113,80.74
"2023-01-12",218622160,218622160,190153610,26265821,1668549,534180,86.98
"2023-01-13",225606452,225606452,199234772,23819284,2081595,470803,88.31
"2023-01-14",216119078,216119078,190080784,23564908,2103055,370331,87.95
"2023-01-15",195501857,195501857,171171603,22136583,1869259,324412,87.55
"2023-01-16",220844233,220844233,191033819,27133982,2273533,402899,86.5
"2023-01-17",225082164,225082164,200598789,21933032,2130843,419499,89.12
"2023-01-18",225073192,225073192,199482484,22867165,2056132,667411,88.63
"2023-01-19",226657813,226657813,200093470,23496300,2319949,748095,88.28
"2023-01-20",226178501,226178501,195657497,27397957,2324597,798449,86.51
"2023-01-21",213999695,213999695,185285573,25491570,2417415,805138,86.58
"2023-01-22",199337139,199337139,178517398,17756109,2269873,793759,89.56
"2023-01-23",225718207,225718207,202943446,19932179,2085259,757323,89.91
"2023-01-24",229692404,229692404,206864291,19856915,2080772,890426,90.06
"2023-01-25",229501725,229501725,203136869,23086366,2436048,842442,88.51
"2023-01-26",231010805,231010805,200027018,27593128,2510597,880063,86.59
"2023-01-27",230269429,230269429,197652954,29169345,2593937,853194,85.84
"2023-01-28",219747110,219747110,187592173,28814644,2682533,657760,85.37
"2023-01-29",199388724,199388724,162149645,33816609,2663875,758596,81.32
"2023-01-30",225560132,225560132,184946224,37224132,2638434,751342,81.99
"2023-01-31",228271607,228271607,174928034,50230328,2558312,554934,76.63
"2023-02-01",227762191,227762191,168923769,55595956,2661892,580574,74.17
"2023-02-02",226701934,226701934,162273638,61069500,2591876,766919,71.58
"2023-02-03",228792944,228792944,158638445,66899569,2515899,739031,69.34
"2023-02-04",219516580,219516580,148921736,67462081,2323627,809136,67.84
"2023-02-05",198845240,198845240,136903683,59259119,2217297,465141,68.85
"2023-02-06",227803336,227803336,171072094,53658021,2223388,849832,75.1
"2023-02-07",226979799,226979799,169143210,54607442,2348476,880671,74.52
"2023-02-08",231071025,231071025,167481247,60150524,2655091,784163,72.48
"2023-02-09",233257864,233257864,172124732,57929156,2395043,808933,73.79
"2023-02-10",226638074,226638074,181163999,42091663,2550816,831596,79.94
"2023-02-11",215748863,215748863,170603087,41882262,2361687,901828,79.07
"2023-02-12",196242728,196242728,156184417,37055685,2377542,625084,79.59
"2023-02-13",219177749,219177749,170882035,45495741,2309931,490042,77.97
"2023-02-14",224896029,224896029,173775024,48561072,1964976,594958,77.27
"2023-02-15",229679805,229679805,178465425,48297788,2263035,653557,77.7
"2023-02-16",227324279,227324279,176042284,48706791,2100260,474943,77.44
"2023-02-17",229844955,229844955,181545287,45190012,2690106,419550,78.99
"2023-02-18",219351351,219351351,179680561,36477693,2525667,667429,81.91
"2023-02-19",191413882,191413882,149161398,39163259,2394366,694859,77.93
"2023-02-20",221233843,221233843,180267127,37655501,2557584,753631,81.48
"2023-02-21",221837966,221837966,181230337,37493568,2395730,718331,81.69
"2023-02-22",225816809,225816809,189026482,33673206,2298551,818569,83.71
"2023-02-23",224836487,224836487,185818291,35638184,2509081,870931,82.65
"2023-02-24",229664414,229664414,188653414,37346880,2811804,852315,82.14
"2023-02-25",214837180,214837180,178312455,33043673,2678097,802955,83
"2023-02-26",202270925,202270925,163650914,35239631,2620830,759551,80.91
"2023-02-27",229389385,229389385,190486839,35835332,2356410,710805,83.04
"2023-02-28",228009524,228009524,185674953,39132891,2312963,888718,81.43
"2023-03-01",228000942,228000942,182307656,42905041,1952723,835522,79.96
"2023-03-02",228922800,228922800,181635969,44616860,1798837,871135,79.34
"2023-03-03",225691913,225691913,179741000,43117088,1918888,914937,79.64
"2023-03-04",219254423,219254423,172043182,44134773,2174713,901755,78.47
"2023-03-05",196136041,196136041,156164066,36945183,2148218,878574,79.62
"2023-03-06",218998348,218998348,177481318,38492294,2216539,808196,81.04
"2023-03-07",220100553,220100553,173387750,43678399,2314764,719641,78.78
"2023-03-08",218350359,218350359,173537873,42130706,2148505,533276,79.48
"2023-03-09",214788232,214788232,172396946,40644540,1293799,452948,80.26
"2023-03-10",215611122,215611122,182603716,29890857,2573361,543188,84.69
"2023-03-11",201830516,201830516,174389156,25599767,1258777,582817,86.4
"2023-03-12",185506507,185506507,159953613,23177242,1950839,424812,86.23
"2023-03-13",212648961,212648961,190023699,20434153,1638460,552648,89.36
"2023-03-14",214131309,214131309,192120005,19353816,2039796,617692,89.72
"2023-03-15",213722872,213722872,191228093,19921995,2092803,479981,89.47
"2023-03-16",214780635,214780635,185920946,26236963,2128418,494308,86.56
"2023-03-17",214862821,214862821,182857164,29004815,2322672,678170,85.1
"2023-03-18",209472872,209472872,182632162,23812993,2293089,734628,87.19
"2023-03-19",189481677,189481677,164280319,21927557,2569351,704450,86.7
"2023-03-20",194383207,194383207,171290941,19712862,2661002,718403,88.12
"2023-03-21",220959723,220959723,193208108,23874317,2992522,884776,87.44
"2023-03-22",222196649,222196649,190202263,28107289,3075672,811426,85.6
"2023-03-23",222263862,222263862,188134374,30680299,2664277,784912,84.64
"2023-03-24",224376914,224376914,188714328,32602249,2442028,618309,84.11
"2023-03-25",214251436,214251436,181595492,29454709,2404009,797226,84.76
"2023-03-26",194871104,194871104,167508915,24337234,2258656,766299,85.96
"2023-03-27",218995531,218995531,189723364,26044008,2326017,902141,86.63
"2023-03-28",222172197,222172197,195461498,23656984,2164174,889541,87.98
"2023-03-29",221966880,221966880,191966580,27253559,1890433,856308,86.48
"2023-03-30",222558222,222558222,196074817,23162688,2469938,850778,88.1
"2023-03-31",222995709,222995709,194414157,25587114,2111708,882730,87.18
"2023-04-01",213716043,213716043,188418198,22043461,2371310,883074,88.16
"2023-04-02",192749245,192749245,167801189,22060613,2422217,465226,87.06
"2023-04-03",218104535,218104535,188809100,25310811,3240506,744118,86.57
"2023-04-04",220008277,220008277,188925710,27357406,2878354,846807,85.87
"2023-04-05",216977384,216977384,189371682,23825464,2931892,848347,87.28
"2023-04-06",187284569,187284569,165623073,18684339,2223479,753679,88.43
"2023-04-07",175949094,175949094,153718933,19296950,2350046,583165,87.37
"2023-04-08",190218157,190218157,165622208,21948361,2069197,578391,87.07
"2023-04-09",189900298,189900298,168082036,18683295,2558331,576635,88.51
"2023-04-10",219031857,219031857,195222090,20474117,2635718,699931,89.13
"2023-04-11",223050933,223050933,198687443,21430788,2169379,763322,89.08
"2023-04-12",223308212,223308212,196182810,24049137,2303026,773239,87.85
"2023-04-13",223343543,223343543,195059112,24803735,2621417,859279,87.34
"2023-04-14",227889532,227889532,199330017,25199176,2537772,822567,87.47
"2023-04-15",217447649,217447649,190801651,23295774,2562046,788178,87.75
"2023-04-16",192001627,192001627,171284263,18761118,1143330,812916,89.21
"2023-04-17",214699035,214699035,189159941,22758234,2205886,574974,88.1
"2023-04-18",221621555,221621555,192930318,25856433,2256675,578129,87.05
"2023-04-19",223477368,223477368,193960480,26275909,2499296,741683,86.79
"2023-04-20",223025959,223025959,190821428,29268140,2216601,719790,85.56
"2023-04-21",219047510,219047510,188699874,27984322,1868540,494774,86.15
"2023-04-22",211194991,211194991,184824734,24431600,1902296,36362,87.51
"2023-04-23",191382079,191382079,159643576,29176532,2539911,22060,83.42
"2023-04-24",213193743,213193743,180525536,29997296,2647141,23770,84.68
"2023-04-25",217036059,217036059,183984259,30119011,2564228,368561,84.77
"2023-04-26",222477697,222477697,190145085,29205366,2580051,547196,85.47
"2023-04-27",225895203,225895203,193818164,29105937,2405428,565674,85.8
"2023-04-28",223743389,223743389,196110719,24721283,2290388,620999,87.65
"2023-04-29",215043721,215043721,191567193,20291265,2590783,594480,89.08
"2023-04-30",183880768,183880768,162812197,18826975,1599336,642259,88.54
"2023-05-01",190578954,190578954,169344952,18181016,2533815,519170,88.86
"2023-05-02",223038840,223038840,198062016,21465779,2857455,653590,88.8
"2023-05-03",230782737,230782737,203724788,23474876,2835592,747481,88.28
"2023-05-04",232704958,232704958,205108929,24051782,2689876,854371,88.14
"2023-05-05",232100951,232100951,202032423,26651219,2520389,896920,87.05
"2023-05-06",228970422,228970422,197686451,27955902,2552509,775560,86.34
"2023-05-07",200811050,200811050,170925541,26165011,3093497,627001,85.12
"2023-05-08",221750768,221750768,179283840,39153924,2499349,813654,80.85
"2023-05-09",227731993,227731993,177391873,47519090,1934320,886710,77.9
"2023-05-10",225140415,225140415,171773327,51002725,1629379,734985,76.3
"2023-05-11",224884672,224884672,168286620,53493641,2463214,641197,74.83
"2023-05-12",227239506,227239506,166470690,57539980,2408184,820652,73.26
"2023-05-13",218861347,218861347,160571484,55026233,2422043,841586,73.37
"2023-05-14",194676683,194676683,140147113,52012079,2019130,498362,71.99
"2023-05-15",218611892,218611892,162141610,54457953,1471978,540352,74.17
"2023-05-16",225267229,225267229,167671907,55142767,2049467,403088,74.43
"2023-05-17",222598280,222598280,162410348,57786022,2027589,374321,72.96
"2023-05-18",227500687,227500687,160294930,63779002,2715615,711140,70.46
"2023-05-19",231779421,231779421,165049912,63425095,2427870,876544,71.21
"2023-05-20",214650822,214650822,146695755,65512958,1783461,658648,68.34
"2023-05-21",186229198,186229198,128372354,55946766,1553890,356187,68.93
"2023-05-22",188774523,188774523,124198550,62106209,2339411,130353,65.79
"2023-05-23",219201040,219201040,156860345,59762189,2326213,252294,71.56
"2023-05-24",219247376,219247376,157428487,59280927,2075628,462334,71.8
"2023-05-25",217658650,217658650,153098790,61980732,2310230,268898,70.34
"2023-05-26",214490130,214490130,153690939,58758316,1828014,212861,71.65
"2023-05-27",203985040,203985040,146536261,54891933,2250273,306574,71.84
"2023-05-28",185012362,185012362,132058564,49554207,2846979,552612,71.38
"2023-05-29",214447763,214447763,160475052,50931465,2453449,587797,74.83
"2023-05-30",218768592,218768592,169208459,46960998,2205851,393283,77.35
"2023-05-31",221764761,221764761,177676326,41328771,2361467,398198,80.12
"2023-06-01",218564594,218564594,179279962,37530237,1677021,77374,82.03
"2023-06-02",220758999,220758999,190547750,27609901,2532600,68747,86.31
"2023-06-03",217658896,217658896,189121921,25307806,3130076,99093,86.89
"2023-06-04",193172564,193172564,168379294,22477758,2278045,37467,87.17
"2023-06-05",218531908,218531908,189621155,26879477,2007030,24245,86.77
"2023-06-06",224375070,224375070,193198841,28234672,2679158,262400,86.11
"2023-06-07",224311312,224311312,182746373,38521368,2594562,449008,81.47
"2023-06-08",215658432,215658432,168978366,44700819,1497154,482094,78.35
"2023-06-09",220200314,220200314,174030579,42978643,2674133,516959,79.03
"2023-06-10",212019559,212019559,168768053,40088518,2631987,531001,79.6
"2023-06-11",189428704,189428704,150138216,35753426,2836482,700580,79.26
"2023-06-12",198364018,198364018,158278877,36274817,3058247,752076,79.79
"2023-06-13",223479670,223479670,185871493,33221364,3530644,856169,83.17
"2023-06-14",227287581,227287581,187690324,36478641,2346933,771683,82.58
"2023-06-15",225854192,225854192,184203122,38143659,2749348,758063,81.56
"2023-06-16",221743621,221743621,177349585,41155170,2348514,890353,79.98
"2023-06-17",202401841,202401841,157723734,41332856,2506565,838686,77.93
"2023-06-18",184469801,184469801,133243147,47074374,3305699,846582,72.23
"2023-06-19",195438479,195438479,136722005,54117064,3936613,662797,69.96
"2023-06-20",224056904,224056904,165916588,53988349,3363428,788539,74.05
"2023-06-21",231469923,231469923,174733013,52724877,3258349,753684,75.49
"2023-06-22",231419363,231419363,163530674,64164557,2888340,835793,70.66
"2023-06-23",228216195,228216195,162486493,62043982,2924645,761075,71.2
"2023-06-24",212376956,212376956,142699179,66788818,2723377,165582,67.19
"2023-06-25",188367627,188367627,125904437,59795468,2299781,367941,66.84
"2023-06-26",210233680,210233680,148199713,59336584,2305439,391944,70.49
"2023-06-27",218018236,218018236,162175066,52129387,3186514,527269,74.39
"2023-06-28",220237196,220237196,166878435,49844972,2893368,620421,75.77
"2023-06-29",223158975,223158975,169382913,49874831,3294161,607071,75.9
"2023-06-30",223356370,223356370,167131870,52680095,2907505,636900,74.83
"2023-07-01",206911222,206911222,149217621,53982971,2907913,802716,72.12
"2023-07-02",178633445,178633445,122973393,52357734,2670819,631498,68.84
"2023-07-03",186660909,186660909,133929290,49281679,2711409,738531,71.75
"2023-07-04",213133985,213133985,157359865,52761886,2345027,667206,73.83
"2023-07-05",219023941,219023941,158425067,57323299,2616864,658711,72.33
"2023-07-06",220674515,220674515,162114804,55089900,2640868,828944,73.46
"2023-07-07",217353479,217353479,160964689,53659526,2041268,687996,74.06
"2023-07-08",212199212,212199212,153049526,55381096,3012279,756311,72.13
"2023-07-09",185105071,185105071,127091747,53691683,3597714,723927,68.66
"2023-07-10",217695607,217695607,161645738,52226276,3039319,784273,74.25
"2023-07-11",221284815,221284815,165897871,51656112,2937774,793059,74.97
"2023-07-12",221370126,221370126,162365533,55277636,3095850,631108,73.35
"2023-07-13",226560789,226560789,164307704,57595626,3854719,802740,72.52
"2023-07-14",229030994,229030994,166659528,58737776,2765178,868512,72.77
"2023-07-15",214549444,214549444,155027477,55188685,3416709,916573,72.26
"2023-07-16",191043552,191043552,134355267,52112139,3684552,891594,70.33
"2023-07-17",217204159,217204159,154491150,58664790,3208972,839247,71.13
"2023-07-18",223460287,223460287,163873631,55432991,3360340,793324,73.33
"2023-07-19",222801344,222801344,171718695,46401423,3841239,839987,77.07
"2023-07-20",208944598,208944598,167004643,37021106,4040220,878629,79.93
"2023-07-21",224362492,224362492,175736198,44645842,3107597,872854,78.33
"2023-07-22",214751109,214751109,164311411,46588905,2996800,853993,76.51
"2023-07-23",194104324,194104324,153861316,36147240,3226914,868854,79.27
"2023-07-24",220797837,220797837,167151847,49087581,3672538,885872,75.7
"2023-07-25",224961882,224961882,168091267,52893017,3245106,732493,74.72
"2023-07-26",224035387,224035387,167393036,53111491,3206412,324447,74.72
"2023-07-27",222450361,222450361,160766932,58203431,2918719,561278,72.27
"2023-07-28",226648537,226648537,169426066,53009675,3416535,796261,74.75
"2023-07-29",218845878,218845878,167021946,47690763,3270801,862368,76.32
"2023-07-30",198352938,198352938,148045945,46343343,3192446,771203,74.64
"2023-07-31",218971838,218971838,161942765,52690938,3589804,748330,73.96
"2023-08-01",220725873,220725873,164062372,52816997,3320832,525672,74.33
"2023-08-02",224019134,224019134,162685789,57148248,3632631,552467,72.62
"2023-08-03",229972581,229972581,169187169,56277655,3741993,765763,73.57
"2023-08-04",236537427,236537427,176600859,55571596,3593629,771344,74.66
"2023-08-05",223098356,223098356,162798270,55873392,3756489,670205,72.97
"2023-08-06",201557245,201557245,141044120,56387084,3317547,808494,69.98
"2023-08-07",206140745,206140745,149590374,52743710,3013903,792758,72.57
"2023-08-08",234211674,234211674,169925974,59642952,3984575,658172,72.55
"2023-08-09",235231585,235231585,181107832,50403747,3158227,561779,76.99
"2023-08-10",232468030,232468030,180915370,48188678,2886370,477611,77.82
"2023-08-11",236031078,236031078,175365784,56399465,3599340,666488,74.3
"2023-08-12",225661312,225661312,161593967,59821566,3441381,804398,71.61
"2023-08-13",203402126,203402126,141717280,57722919,3218144,743782,69.67
"2023-08-14",227072122,227072122,162253333,60440155,3679217,699417,71.45
"2023-08-15",230390569,230390569,160630851,65858044,3210617,691057,69.72
"2023-08-16",228621598,228621598,154521724,70557192,2993732,548949,67.59
"2023-08-17",231958770,231958770,160532118,66990808,3922825,513019,69.21
"2023-08-18",234452431,234452431,159116991,71502390,3287830,545220,67.87
"2023-08-19",227581171,227581171,159366057,64503715,3205487,505912,70.03
"2023-08-20",201169745,201169745,143381583,54729213,2800215,258734,71.27
"2023-08-21",202286625,202286625,143642053,55667466,2929589,47516,71.01
"2023-08-22",218532807,218532807,162556344,52974464,2690747,311251,74.39
"2023-08-23",224318214,224318214,178531186,41802139,3883640,101250,79.59
"2023-08-24",228522817,228522817,190614218,34056746,3574461,277393,83.41
"2023-08-25",232991416,232991416,192545215,36243215,4055716,147270,82.64
"2023-08-26",222381976,222381976,183859984,34232181,4226608,63203,82.68
"2023-08-27",200982159,200982159,167313712,29162357,4176504,329586,83.25
"2023-08-28",233226055,233226055,188950919,39949256,4177950,147931,81.02
"2023-08-29",240018087,240018087,192272833,43096522,4208659,440073,80.11
"2023-08-30",244988208,244988208,181108929,58757468,4334051,787760,73.93
"2023-08-31",245800825,245800825,169929896,71285164,4052870,532895,69.13
"2023-09-01",244536122,244536122,164791954,74839425,4128397,776346,67.39
"2023-09-02",234915755,234915755,154870297,76304532,2941813,799112,65.93
"2023-09-03",201574026,201574026,124538993,73302287,3543789,188958,61.78
"2023-09-04",229147687,229147687,152955175,72029493,3785577,377442,66.75
"2023-09-05",240843015,240843015,155737670,80635360,3826058,643927,64.66
"2023-09-06",245465144,245465144,161915017,78316637,4531367,702122,65.96
"2023-09-07",248326287,248326287,161747781,82051988,3892854,633663,65.14
"2023-09-08",249257575,249257575,159133903,85616182,3850639,656851,63.84
"2023-09-09",234412367,234412367,145999617,83908772,3767745,736234,62.28
"2023-09-10",204361752,204361752,119519053,81182837,3073856,586006,58.48
"2023-09-11",236843409,236843409,148841628,83195912,4397004,408864,62.84
"2023-09-12",244618127,244618127,155313253,85128377,3811884,364614,63.49
"2023-09-13",246621786,246621786,159960120,82819014,3607176,235475,64.86
"2023-09-14",247628568,247628568,157392917,86005656,3772531,457465,63.56
"2023-09-15",241058041,241058041,150606361,85927201,3963918,560562,62.48
"2023-09-16",226303356,226303356,135293268,86093257,4281079,635752,59.78
"2023-09-17",207651888,207651888,124507459,79051261,3410108,683061,59.96
"2023-09-18",235905420,235905420,145343308,86373314,3626536,562262,61.61
"2023-09-19",243268877,243268877,151465464,87052424,4152060,598929,62.26
"2023-09-20",243636218,243636218,148059842,90668318,4220350,687709,60.77
"2023-09-21",249296732,249296732,151462921,92415812,4751505,666495,60.76
"2023-09-22",250439131,250439131,162623911,83079712,4156681,578828,64.94
"2023-09-23",233432772,233432772,143640349,85529276,3643320,619827,61.53
"2023-09-24",212915625,212915625,118913801,89492267,3969288,540268,55.85
"2023-09-25",244076630,244076630,156074217,82668688,4738600,595125,63.94
"2023-09-26",247139273,247139273,159671200,82390436,4402896,674740,64.61
"2023-09-27",249634022,249634022,158670385,86064899,4474953,423785,63.56
"2023-09-28",245885836,245885836,156417836,85081696,4020434,365870,63.61
"2023-09-29",244573220,244573220,155008154,84116625,4984907,463534,63.38
"2023-09-30",238909915,238909915,150510062,83134090,4709170,556592,63
"2023-10-01",216757762,216757762,129283318,83028306,4064654,381484,59.64
"2023-10-02",241084861,241084861,148567021,88364996,4014932,137911,61.62
"2023-10-03",239649854,239649854,150447114,85191576,3915040,96124,62.78
"2023-10-04",236099909,236099909,146223023,86842450,3013240,21197,61.93
"2023-10-05",240233225,240233225,148726548,87752410,3744861,9405,61.91
"2023-10-06",237821750,237821750,144862472,89007217,3868085,83975,60.91
"2023-10-07",228006395,228006395,131564320,91936137,4356863,149075,57.7
"2023-10-08",203612025,203612025,112343162,87534045,3536191,198626,55.18
"2023-10-09",232482079,232482079,139419008,88564490,4244626,253956,59.97
"2023-10-10",237897787,237897787,138432007,94824087,4097461,544232,58.19
"2023-10-11",238358391,238358391,138742352,94313615,4771533,530891,58.21
"2023-10-12",243742641,243742641,144363206,93909560,4988953,480922,59.23
"2023-10-13",242084964,242084964,143880040,93177725,4584956,442244,59.43
"2023-10-14",226625862,226625862,130858764,91832001,3580312,354784,57.74
"2023-10-15",202730549,202730549,106868637,91054371,4653565,153976,52.71
"2023-10-16",204295568,204295568,116808276,83799541,3573217,114535,57.18
"2023-10-17",233468901,233468901,126116177,101907232,5158978,286513,54.02
"2023-10-18",240056555,240056555,134835657,100077184,4858023,285691,56.17
"2023-10-19",245330314,245330314,140301745,100104575,4639914,284079,57.19
"2023-10-20",235123627,235123627,138292149,92880028,3661168,290283,58.82
"2023-10-21",222972177,222972177,122191910,96483196,4253025,44047,54.8
"2023-10-22",202743904,202743904,109882615,89699746,3154885,6658,54.2
"2023-10-23",232157336,232157336,130166941,96840606,4958871,190918,56.07
"2023-10-24",231353403,231353403,135891850,91362338,3870752,228463,58.74
"2023-10-25",229959897,229959897,126490268,99791163,3593642,84824,55.01
"2023-10-26",224786062,224786062,132020480,88641238,4058599,65745,58.73
"2023-10-27",226445831,226445831,148501664,74373275,3529882,41011,65.58
"2023-10-28",220041410,220041410,155007465,61325786,3678486,29673,70.44
"2023-10-29",198890255,198890255,146760064,47912493,4216194,1503,73.79
"2023-10-30",229690467,229690467,161531933,63174141,4965893,18500,70.33
"2023-10-31",229602101,229602101,165378518,60208496,3999228,15859,72.03
"2023-11-01",229636475,229636475,174276511,52679520,2637382,43062,75.89
"2023-11-02",228534250,228534250,171085773,52820165,4574986,53327,74.86
"2023-11-03",231682638,231682638,185136998,41892691,4479379,173569,79.91
"2023-11-04",221654675,221654675,181665453,35289379,4451493,248349,81.96
"2023-11-05",203108928,203108928,163682088,35012721,4141791,272329,80.59
"2023-11-06",207803316,207803316,168873039,34982096,3765030,183150,81.27
"2023-11-07",232716933,232716933,172936157,55567878,4134071,78826,74.31
"2023-11-08",239738009,239738009,185896447,48205773,5336336,299453,77.54
"2023-11-09",243855159,243855159,184048585,54340718,4969053,496803,75.47
"2023-11-10",241179818,241179818,164449200,71791246,4257874,681499,68.19
"2023-11-11",228525078,228525078,160528182,63091928,4303607,601361,70.25
"2023-11-12",208957265,208957265,144076468,60176066,4135905,568826,68.95
"2023-11-13",212820010,212820010,150515309,57419851,4307677,577173,70.72
"2023-11-14",241074566,241074566,151226996,84449843,4717073,680653,62.73
"2023-11-15",236109059,236109059,147633337,84380048,3484249,611425,62.53
"2023-11-16",236351673,236351673,166087347,64822260,5094552,347514,70.27
"2023-11-17",241229715,241229715,183462390,52318927,5319913,128484,76.05
"2023-11-18",224513788,224513788,160620105,59354726,4476831,62126,71.54
"2023-11-19",200925569,200925569,141020860,56102388,3717079,85242,70.19
"2023-11-20",231787563,231787563,166244981,60438694,4800912,302976,71.72
"2023-11-21",237271339,237271339,176596270,55530109,5017858,127102,74.43
"2023-11-22",236781902,236781902,177122328,54872717,4738774,48082,74.8
"2023-11-23",240877096,240877096,184937216,50516349,5166701,256830,76.78
"2023-11-24",237637240,237637240,184976384,46935595,5163249,562012,77.84
"2023-11-25",218771952,218771952,168295105,45075090,4822134,579623,76.93
"2023-11-26",201465775,201465775,153522361,41784807,5591575,567032,76.2
"2023-11-27",235584295,235584295,175127960,53913326,5862684,680326,74.34
"2023-11-28",239373912,239373912,170903144,61955369,5890736,624663,71.4
"2023-11-29",238410524,238410524,165647098,66995318,5206979,561130,69.48
"2023-11-30",240932815,240932815,157195280,77502906,5640011,594617,65.24
"2023-12-01",237645938,237645938,149668849,80726407,6664941,585741,62.98
"2023-12-02",225112517,225112517,132459529,85481358,6556620,615010,58.84
"2023-12-03",207636044,207636044,110821795,89508961,6679940,625348,53.37
"2023-12-04",237683804,237683804,144066973,86782715,6218323,615794,60.61
"2023-12-05",244158481,244158481,144350781,92615377,6575640,616682,59.12
"2023-12-06",245513159,245513159,142361046,96692621,5879569,579924,57.99
"2023-12-07",239010448,239010448,137128123,95100850,6257800,523675,57.37
"2023-12-08",221151327,221151327,113383916,100849589,6245687,672134,51.27
"2023-12-09",229949136,229949136,123214721,99952762,6106588,675066,53.58
"2023-12-10",210591354,210591354,104681903,99587501,5611724,710226,49.71
"2023-12-11",239292431,239292431,133048921,99224332,6337917,681261,55.6
"2023-12-12",244060641,244060641,135422033,101467529,6503074,668005,55.49
"2023-12-13",243398904,243398904,136912450,99797865,6061521,627068,56.25
"2023-12-14",244072904,244072904,137946897,99679903,5940723,505381,56.52
"2023-12-15",238624217,238624217,132673374,101478909,4243938,227996,55.6
"2023-12-16",227075093,227075093,120385221,101691972,4583444,414456,53.02
"2023-12-17",205981836,205981836,102027263,98796690,4845119,312764,49.53
"2023-12-18",228395689,228395689,140919836,82078193,5192397,205263,61.7
"2023-12-19",230562565,230562565,147487064,77578747,5312609,184145,63.97
"2023-12-20",232486862,232486862,158495835,67759038,5902546,329443,68.17
"2023-12-21",231568252,231568252,166102414,58846631,6145896,473311,71.73
"2023-12-22",232020067,232020067,171188974,54085671,6162310,583112,73.78
"2023-12-23",217698934,217698934,149594082,60843323,6670236,591294,68.72
"2023-12-24",201997989,201997989,120255610,74828153,6323637,590590,59.53
"2023-12-25",189087788,189087788,104649526,78161457,5777648,499157,55.34
"2023-12-26",223260794,223260794,142156623,75585579,5061754,456838,63.67
"2023-12-27",222760575,222760575,145790532,71773102,4782586,414354,65.45
"2023-12-28",221195607,221195607,144512173,70948292,5363079,372063,65.33
"2023-12-29",216746630,216746630,141586604,69233924,5499711,426391,65.32
"2023-12-30",204524171,204524171,163359831,34231422,6444875,488043,79.87
"2023-12-31",191311452,191311452,159313600,25283143,6217924,496784,83.27
"2024-01-01",176174153,176174153,143842058,25473672,6384629,473795,81.65
"2024-01-02",206709368,206709368,162277080,37060973,6947628,423688,78.5
"2024-01-03",214851371,214851371,165103786,41930748,7424881,391955,76.85
"2024-01-04",219416383,219416383,160142833,51347451,7443663,482436,72.99
"2024-01-05",221266999,221266999,159304712,54175562,7135848,650878,72
"2024-01-06",212245526,212245526,139845452,63835025,7909604,655445,65.89
"2024-01-07",196793110,196793110,130692881,57487397,7921827,691005,66.41
"2024-01-08",200547824,200547824,128702232,63270768,7868787,706037,64.18
"2024-01-09",223666918,223666918,146406027,68767526,7834972,658392,65.46
"2024-01-10",231052540,231052540,150372538,72559100,7539033,581870,65.08
"2024-01-11",232234666,232234666,150840190,73576066,7256103,562307,64.95
"2024-01-12",236977908,236977908,145462225,84126626,6890475,498581,61.38
"2024-01-13",227282733,227282733,122725898,97487851,6678525,390460,54
"2024-01-14",211338255,211338255,104613909,98774249,7445067,505030,49.5
"2024-01-15",235222823,235222823,135514967,91018297,7995963,693596,57.61
"2024-01-16",238281080,238281080,142690193,87038332,7855968,696587,59.88
"2024-01-17",235370932,235370932,157695013,70060824,6905325,709770,67
"2024-01-18",235536757,235536757,159396215,67865602,7569486,705454,67.67
"2024-01-19",236224880,236224880,162581531,65831980,7141202,670167,68.82
"2024-01-20",225607196,225607196,139012797,78788788,7157726,647886,61.62
"2024-01-21",205055656,205055656,126687100,70544837,7132364,691355,61.78
"2024-01-22",230553650,230553650,139922565,82081234,7849411,700440,60.69
"2024-01-23",234523506,234523506,145129637,80887479,7822219,684171,61.88
"2024-01-24",234814335,234814335,142657977,83455022,7984253,717083,60.75
"2024-01-25",234576727,234576727,141141248,85022469,7744804,668206,60.17
"2024-01-26",235294523,235294523,153134982,73774802,7685861,698879,65.08
"2024-01-27",225607581,225607581,153601789,63579861,7809979,615953,68.08
"2024-01-28",204524557,204524557,141565274,54863958,7518046,577280,69.22
"2024-01-29",236073790,236073790,165283167,63198049,7077158,515417,70.01
"2024-01-30",241170518,241170518,158576306,75684030,6470358,439825,65.75
"2024-01-31",238636706,238636706,157538246,74434992,6218467,445001,66.02
"2024-02-01",236882145,236882145,150167832,80972568,5342532,399214,63.39
"2024-02-02",228953001,228953001,139740639,84983912,3875272,353179,61.03
"2024-02-03",216873532,216873532,128345504,81717840,6576774,233415,59.18
"2024-02-04",198467976,198467976,115753341,76009970,6585339,119325,58.32
"2024-02-05",223109439,223109439,149034149,68721419,5314684,39187,66.8
"2024-02-06",225629419,225629419,169081453,50481116,5949118,117731,74.94
"2024-02-07",222625734,222625734,155240627,62858099,4505167,21841,69.73
"2024-02-08",222819955,222819955,167005949,50852614,4916096,45296,74.95
"2024-02-09",226073202,226073202,166366338,51625712,7553280,527872,73.59
"2024-02-10",219228315,219228315,160289808,49948483,8373498,616526,73.12
"2024-02-11",203195078,203195078,144390968,49259630,8857087,687393,71.06
"2024-02-12",230421015,230421015,158912514,62355873,8555129,597499,68.97
"2024-02-13",234516642,234516642,158183004,67357465,8357763,618410,67.45
"2024-02-14",236384563,236384563,151801480,76620690,7311233,651160,64.22
"2024-02-15",237895639,237895639,142868536,86260597,8097477,669029,60.06
"2024-02-16",239120721,239120721,153070467,78311838,7093112,645303,64.01
"2024-02-17",229785738,229785738,146807379,74474473,7830306,673580,63.89
"2024-02-18",205825219,205825219,121175509,76033727,8033964,582019,58.87
"2024-02-19",232650127,232650127,154578077,70499307,7051087,521655,66.44
"2024-02-20",235612759,235612759,151725440,76167972,7062296,657051,64.4
"2024-02-21",230716136,230716136,145787964,78436165,6251756,240251,63.19
"2024-02-22",228901899,228901899,131830667,90058342,6889737,123153,57.59
"2024-02-23",230698862,230698862,131569697,90411446,8372719,345000,57.03
"2024-02-24",222513610,222513610,123021604,90379818,8693154,419033,55.29
"2024-02-25",202362489,202362489,101819030,91762432,8293815,487211,50.32
"2024-02-26",228070109,228070109,131575538,88187976,7792240,514355,57.69
"2024-02-27",233793423,233793423,135724377,88801781,8686864,580400,58.05
"2024-02-28",236948431,236948431,141103105,86919776,8261155,664396,59.55
"2024-02-29",239169179,239169179,137698516,92261969,8534199,674495,57.57
"2024-03-01",236325994,236325994,139846642,87058987,8708299,712065,59.18
"2024-03-02",227007488,227007488,139170404,77852658,9411223,573203,61.31
"2024-03-03",203897645,203897645,116894000,77441968,8977390,584287,57.33
"2024-03-04",236491628,236491628,151187920,75861428,8997592,444688,63.93
"2024-03-05",240975018,240975018,147816651,83700148,8978952,479267,61.34
"2024-03-06",243793545,243793545,141762089,92614995,8893076,523385,58.15
"2024-03-07",244303040,244303040,139087940,96594476,8061821,558803,56.93
"2024-03-08",246850279,246850279,140844467,97479753,7913376,612683,57.06
"2024-03-09",233648405,233648405,137030660,88967718,6971717,678310,58.65
"2024-03-10",213417216,213417216,110901636,92863444,9009251,642885,51.96
"2024-03-11",241445195,241445195,140373698,92514998,7868275,688224,58.14
"2024-03-12",245361125,245361125,142694711,93597468,8383625,685321,58.16
"2024-03-13",246668881,246668881,142260910,94483533,9212093,712345,57.67
"2024-03-14",247667833,247667833,143434293,94998024,8522566,712951,57.91
"2024-03-15",247343443,247343443,143429372,94435553,8773393,705126,57.99
"2024-03-16",237217450,237217450,132052671,94905479,9633467,625834,55.67
"2024-03-17",214689529,214689529,113182790,92117340,8719372,670027,52.72
"2024-03-18",243667992,243667992,140717884,93969422,8494342,486344,57.75
"2024-03-19",245710174,245710174,141593121,96882950,6843993,390110,57.63
"2024-03-20",243302742,243302742,135595232,100224051,7046854,436606,55.73
"2024-03-21",241564334,241564334,138096861,96167539,6719876,580058,57.17
"2024-03-22",242817046,242817046,138939869,94116804,9156532,603842,57.22
"2024-03-23",233201092,233201092,127668726,97156256,7972244,403865,54.75
"2024-03-24",215470325,215470325,112477176,94708660,8116371,168118,52.2
"2024-03-25",220204567,220204567,112195514,99912860,7932616,163577,50.95
"2024-03-26",237494737,237494737,126192304,102601475,8542910,158048,53.13
"2024-03-27",226190583,226190583,108439924,110156468,7440609,153582,47.94
"2024-03-28",204985597,204985597,88029997,106559031,10205501,191067,42.94
"2024-03-29",197104993,197104993,78966674,107477423,10384412,276484,40.06
"2024-03-30",211905282,211905282,103087195,99041368,9414011,362707,48.65
"2024-03-31",207208033,207208033,95088893,102445329,9259450,414360,45.89
"2024-04-01",232088184,232088184,117223750,104569555,9861246,433633,50.51
"2024-04-02",229845769,229845769,117813511,103730557,7857762,443939,51.26
"2024-04-03",231399315,231399315,117142970,106837667,7001703,416975,50.62
"2024-04-04",230716917,230716917,117444236,107140757,5762751,369173,50.9
"2024-04-05",237285414,237285414,123198462,104609826,9090898,386227,51.92
"2024-04-06",229557324,229557324,124243112,95040397,9818155,455660,54.12
"2024-04-07",212551102,212551102,108744449,92993393,10317829,495432,51.16
"2024-04-08",236029425,236029425,117607645,108700909,9090189,630682,49.83
"2024-04-09",235700027,235700027,116360857,109150887,9504196,684087,49.37
"2024-04-10",239972033,239972033,116602332,112228034,10465967,675700,48.59
"2024-04-11",243654224,243654224,117719619,115117483,10182969,634153,48.31
"2024-04-12",242244988,242244988,114770101,115802057,10998915,673916,47.38
"2024-04-13",229654487,229654487,104742294,113135945,11104997,671251,45.61
"2024-04-14",208483005,208483005,84711525,112786503,10316870,668106,40.63
"2024-04-15",235808480,235808480,108768642,116180384,10317799,541655,46.13
"2024-04-16",239668513,239668513,114056634,115235490,9845684,530705,47.59
"2024-04-17",239172232,239172232,111705130,119786114,7191337,489652,46.7
"2024-04-18",236914451,236914451,108653271,120537232,7158045,565903,45.86
"2024-04-19",232312833,232312833,104720636,120371135,6659062,562000,45.08
"2024-04-20",221879845,221879845,96885518,115137974,9306368,549986,43.67
"2024-04-21",200261124,200261124,78218277,113810519,7635669,596659,39.06
"2024-04-22",220398030,220398030,96986404,117031094,5834937,545595,44.01
"2024-04-23",225864829,225864829,105833547,110489279,9016219,525785,46.86
"2024-04-24",230349316,230349316,107989887,111856476,9909493,593460,46.88
"2024-04-25",231663623,231663623,101004152,121926170,8079401,653900,43.6
"2024-04-26",224604765,224604765,99411627,118997666,5688622,506849,44.26
"2024-04-27",217165538,217165538,101768788,106605479,8260937,530333,46.86
"2024-04-28",194188787,194188787,88511828,98086322,7198013,392625,45.58
"2024-04-29",222354542,222354542,141568928,71828515,8533306,423793,63.67
"2024-04-30",233858165,233858165,143257230,80018138,10122348,460448,61.26
"2024-05-01",217474203,217474203,171994780,35298171,9701898,479354,79.09
"2024-05-02",232858240,232858240,193625636,31539155,7457943,235506,83.15
"2024-05-03",232143913,232143913,185225751,39137041,7755324,25798,79.79
"2024-05-04",217436815,217436815,185427638,26768001,4926650,314526,85.28
"2024-05-05",199780883,199780883,161179843,29491012,8779950,330078,80.68
"2024-05-06",232530517,232530517,192043312,31043846,8956450,486909,82.59
"2024-05-07",234567484,234567484,194736439,32000387,7252268,578389,83.02
"2024-05-08",232616728,232616728,192010949,34014248,6114323,477208,82.54
"2024-05-09",228513909,228513909,186583441,36018963,5443927,467579,81.65
"2024-05-10",230411777,230411777,181683780,37794017,10533572,400408,78.85
"2024-05-11",222593310,222593310,180141944,31817722,10253253,380391,80.93
"2024-05-12",199783804,199783804,164212694,26751326,8281638,538146,82.2
"2024-05-13",207324979,207324979,168901329,27044119,10787926,591605,81.47
"2024-05-14",231707878,231707878,189678023,31301640,10056025,672189,81.86
"2024-05-15",231701671,231701671,191700837,31609969,7795242,595623,82.74
"2024-05-16",233974323,233974323,191342649,32852501,9286138,493035,81.78
"2024-05-17",234428646,234428646,188730304,34162814,10999271,536257,80.51
"2024-05-18",226875912,226875912,181807202,34518493,9965553,584664,80.14
"2024-05-19",211724139,211724139,164037860,35412164,11673857,600257,77.48
"2024-05-20",235355687,235355687,181894380,43304065,9518229,639013,77.28
"2024-05-21",228625420,228625420,176371123,45871746,6092662,289890,77.14
"2024-05-22",227574665,227574665,172142917,47901289,7208315,322144,75.64
"2024-05-23",230199697,230199697,168450360,51822835,9714771,211731,73.18
"2024-05-24",235695869,235695869,171379583,55952079,7963347,400859,72.71
"2024-05-25",223832523,223832523,167538098,48435996,7471674,386755,74.85
"2024-05-26",204038885,204038885,152117496,40772333,10602631,546426,74.55
"2024-05-27",224626846,224626846,172604989,44012091,7530863,478903,76.84
"2024-05-28",230539469,230539469,180964229,39793697,9201729,579815,78.5
"2024-05-29",228380696,228380696,181314515,39980103,6424280,661799,79.39
"2024-05-30",227823071,227823071,181414159,37612941,8203783,592188,79.63
"2024-05-31",227867716,227867716,190415715,27657755,9334381,459865,83.56
"2024-06-01",222308325,222308325,181901678,27484802,12367907,553938,81.82
"2024-06-02",205263268,205263268,160242663,33493741,10920713,606150,78.07
"2024-06-03",206241969,206241969,162000454,34467840,9670704,102972,78.55
"2024-06-04",224610572,224610572,178471105,38552649,7531319,55500,79.46
"2024-06-05",226080012,226080012,176081577,41792807,8173204,32424,77.88
"2024-06-06",227246741,227246741,181761068,39889632,5333416,262625,79.98
"2024-06-07",227652264,227652264,176930827,42300748,8038630,382059,77.72
"2024-06-08",219413451,219413451,165470314,45571362,7886045,485729,75.41
"2024-06-09",197248530,197248530,143364902,44770350,8567958,545319,72.68
"2024-06-10",200350727,200350727,145214273,45370844,9251023,514587,72.48
"2024-06-11",221626794,221626794,161825008,51517860,7762608,521319,73.02
"2024-06-12",226057196,226057196,170069195,46663847,8766014,558141,75.23
"2024-06-13",222723410,222723410,165059572,47703711,9385423,574704,74.11
"2024-06-14",220684618,220684618,163551419,48267398,8235119,630682,74.11
"2024-06-15",208762786,208762786,158795081,44089431,5402057,476218,76.06
"2024-06-16",192666253,192666253,137822285,46886696,7692307,264965,71.53
"2024-06-17",226607296,226607296,171769939,43222044,11263748,351565,75.8
"2024-06-18",227760575,227760575,178467507,39471061,9325591,496415,78.36
"2024-06-19",224717194,224717194,178745083,37905578,7676170,390364,79.54
"2024-06-20",223335410,223335410,177856073,36323008,8672190,484138,79.64
"2024-06-21",232705667,232705667,181218395,42185204,8803404,498663,77.87
"2024-06-22",220518353,220518353,169288030,41682995,9052480,494847,76.77
"2024-06-23",193375846,193375846,161964009,22024178,8761310,626350,83.76
"2024-06-24",220659898,220659898,182380501,28763122,8958006,558268,82.65
"2024-06-25",221356140,221356140,176374247,35785275,8697926,498693,79.68
"2024-06-26",218295131,218295131,173710143,36563705,7780119,241164,79.58
"2024-06-27",219066026,219066026,172381685,37952776,8462539,269026,78.69
"2024-06-28",224328854,224328854,187190164,27453204,9305481,380006,83.44
"2024-06-29",214951694,214951694,182434055,23129377,8899169,489094,84.87
"2024-06-30",198089952,198089952,167435163,20882762,9187291,584735,84.52
"2024-07-01",200797920,200797920,167961701,22714184,9515639,606396,83.65
"2024-07-02",227884306,227884306,191671496,28589861,7322117,300832,84.11
"2024-07-03",230504143,230504143,191643169,29372535,9253176,235263,83.14
"2024-07-04",227905508,227905508,193515341,25674047,8541053,175068,84.91
"2024-07-05",220425279,220425279,192327320,24476882,3595164,25914,87.25
"2024-07-06",216080289,216080289,180563925,25058125,10161090,297150,83.56
"2024-07-07",198873621,198873621,163791653,23753590,10721295,607084,82.36
"2024-07-08",226521669,226521669,189790961,27447896,8619661,663150,83.78
"2024-07-09",231120311,231120311,192523380,28572613,9418996,605322,83.3
"2024-07-10",231922900,231922900,191823702,29875761,9576509,646928,82.71
"2024-07-11",233507344,233507344,185734777,39010130,8124911,637527,79.54
"2024-07-12",232779613,232779613,181672485,41167817,9319429,619883,78.04
"2024-07-13",221206249,221206249,169607920,40317257,10617444,663627,76.67
"2024-07-14",203132562,203132562,158073707,33235669,11194106,629080,77.82
"2024-07-15",227236599,227236599,175530926,39661998,11412069,631606,77.25
"2024-07-16",229920831,229920831,170208155,47638866,11442228,631582,74.03
"2024-07-17",233617783,233617783,171625175,52096309,9359238,537059,73.46
"2024-07-18",230279554,230279554,169365649,51387047,8989403,537454,73.55
"2024-07-19",227123439,227123439,167942209,50586420,8016983,577827,73.94
"2024-07-20",209364014,209364014,157991579,42432744,8487171,452519,75.46
"2024-07-21",202155256,202155256,151751269,40635210,9175173,593603,75.07
"2024-07-22",229486356,229486356,171425314,48165862,9331712,563468,74.7
"2024-07-23",231837632,231837632,174661428,47635961,8911029,629213,75.34
"2024-07-24",232613783,232613783,178776623,42850142,10445038,541980,76.86
"2024-07-25",236707020,236707020,176471556,50529834,9055519,650111,74.55
"2024-07-26",237753127,237753127,183590429,45397221,8221800,543676,77.22
"2024-07-27",224092936,224092936,170985960,43390129,9050707,666140,76.3
"2024-07-28",205146803,205146803,162168791,32176567,10131978,669468,79.05
"2024-07-29",239732044,239732044,179702080,46739679,12615179,675106,74.96
"2024-07-30",245108779,245108779,182644000,51955282,9910480,599017,74.52
"2024-07-31",244759929,244759929,181805588,51207009,11181210,566123,74.28
"2024-08-01",241328880,241328880,187105737,43336628,10427314,459201,77.53
"2024-08-02",242897658,242897658,188507159,42618818,11478965,292716,77.61
"2024-08-03",234250003,234250003,181217285,42950578,9630864,451277,77.36
"2024-08-04",214518982,214518982,160549588,43558978,9809109,601307,74.84
"2024-08-05",239114318,239114318,182048036,47442963,9075077,548243,76.13
"2024-08-06",237292087,237292087,184716445,43744601,8576207,254834,77.84
"2024-08-07",218907198,218907198,174617243,34760153,9170180,359622,79.77
"2024-08-08",240852382,240852382,192090868,38509186,9795903,456425,79.75
"2024-08-09",240715724,240715724,190453164,40363415,9385071,514074,79.12
"2024-08-10",226236322,226236322,177266860,39774677,8732463,462321,78.35
"2024-08-11",206491155,206491155,159381258,35308616,11391488,409793,77.19
"2024-08-12",237417708,237417708,185679791,40592431,10703618,441869,78.21
"2024-08-13",235290833,235290833,182165395,44325084,8623490,176864,77.42
"2024-08-14",241678919,241678919,182109377,50720583,8848959,0,75.35
"2024-08-15",247069926,247069926,180913691,54378089,11609157,168989,73.22
"2024-08-16",246430793,246430793,180904837,53488207,11677486,360263,73.41
"2024-08-17",229108448,229108448,174910277,43773867,10020513,403792,76.34
"2024-08-18",204817525,204817525,139233051,53947789,11270522,366163,67.98
"2024-08-19",218277193,218277193,139771060,66835210,11023753,647170,64.03
"2024-08-20",242459847,242459847,155869439,74849536,11081611,659260,64.29
"2024-08-21",243266372,243266372,156732303,75793339,10120495,620234,64.43
"2024-08-22",239628313,239628313,148116054,81918368,9124396,469495,61.81
"2024-08-23",240153661,240153661,145743075,85364843,8626435,419308,60.69
"2024-08-24",226838047,226838047,133998137,83040104,9302968,496838,59.07
"2024-08-25",211075025,211075025,129027393,73656329,8137099,254204,61.13
"2024-08-26",228715931,228715931,162652317,59686707,6254946,121961,71.12
"2024-08-27",237936235,237936235,170940641,55461450,11283556,250588,71.84
"2024-08-28",246582239,246582239,175020611,60186878,10964370,410381,70.98
"2024-08-29",249541846,249541846,180819446,55981249,12133801,607350,72.46
"2024-08-30",247356913,247356913,174278763,61148586,11449537,480027,70.46
"2024-08-31",234356248,234356248,166751915,56494062,10856402,253869,71.15
"2024-09-01",210342869,210342869,142417554,57661958,10220762,42595,67.71
"2024-09-02",238444081,238444081,166792797,59938263,11457251,255770,69.95
"2024-09-03",242833320,242833320,173355773,58707199,10555940,214408,71.39
"2024-09-04",241683972,241683972,171085579,59259347,10933973,405073,70.79
"2024-09-05",241608094,241608094,170641812,60135202,10299439,531642,70.63
"2024-09-06",241757582,241757582,173274471,58051301,10035623,396187,71.67
"2024-09-07",229033716,229033716,158667751,60516103,9599695,250167,69.28
"2024-09-08",214969790,214969790,148539812,55821039,10205331,403607,69.1
"2024-09-09",244499871,244499871,167787430,64140597,12112068,459776,68.62
"2024-09-10",247483064,247483064,174916042,62167634,9986214,413175,70.68
"2024-09-11",249997157,249997157,170073856,68433019,11131684,358598,68.03
"2024-09-12",245164055,245164055,166454428,70463343,7942212,304072,67.9
"2024-09-13",249061877,249061877,161187687,77293813,10392991,187385,64.72
"2024-09-14",242587675,242587675,144737756,85322844,12127321,399754,59.66
"2024-09-15",223336250,223336250,128513169,81732230,12610872,479979,57.54
"2024-09-16",247688712,247688712,146300619,89498193,11304115,585785,59.07
"2024-09-17",237870222,237870222,141363286,87260660,8926037,320239,59.43
"2024-09-18",249045955,249045955,143293720,92925086,12502063,325086,57.54
"2024-09-19",250143182,250143182,150562809,87511668,11715681,353023,60.19
"2024-09-20",242177183,242177183,142633378,89494205,9784683,264917,58.9
"2024-09-21",233883747,233883747,130207558,93493976,10101486,80727,55.67
"2024-09-22",209485282,209485282,110773414,91852320,6815884,43664,52.88
"2024-09-23",237399764,237399764,136897646,90212405,10128517,161196,57.67
"2024-09-24",246575354,246575354,144534849,90786912,10955215,298378,58.62
"2024-09-25",245338075,245338075,144252727,92941126,7838092,306130,58.8
"2024-09-26",239141972,239141972,134337241,95511362,9074985,218384,56.17
"2024-09-27",241623734,241623734,140978151,89551702,10876158,217723,58.35
"2024-09-28",231002379,231002379,138387288,84649956,7877788,87346,59.91
"2024-09-29",205840023,205840023,115616462,84030430,6113773,79359,56.17
"2024-09-30",220207613,220207613,110497705,101384687,8250369,74852,50.18
"2024-10-01",233489478,233489478,118273466,103618779,11518028,79205,50.65
"2024-10-02",231929323,231929323,120497935,101209414,10147529,74445,51.95
"2024-10-03",233328083,233328083,115993820,106057890,11089614,186760,49.71
"2024-10-04",234656192,234656192,123121746,101565997,9791782,176667,52.47
"2024-10-05",221371112,221371112,126715090,83897388,10722442,36192,57.24
"2024-10-06",201179384,201179384,111733199,80306440,9116921,22824,55.54
"2024-10-07",224868160,224868160,119128895,95328399,10407531,3335,52.98
"2024-10-08",224974545,224974545,119715967,96011353,9221315,25910,53.21
"2024-10-09",229328181,229328181,121949755,96906390,10436400,35636,53.18
"2024-10-10",228457396,228457396,128226728,92675817,7371316,183534,56.13
"2024-10-11",229525598,229525598,133102428,85008728,11244890,169552,57.99
"2024-10-12",221613004,221613004,148656771,61318776,11229912,407545,67.08
"2024-10-13",201573782,201573782,109152380,81494905,10418609,507888,54.15
"2024-10-14",205543306,205543306,110862570,83879074,10491205,310457,53.94
"2024-10-15",227086356,227086356,115194469,103916885,7782040,192962,50.73
"2024-10-16",229392051,229392051,119195987,101426928,8540881,228255,51.96
"2024-10-17",235741206,235741206,113228964,110508081,11584061,420101,48.03
"2024-10-18",240236857,240236857,117714472,110459652,11571198,491536,49
"2024-10-19",227598315,227598315,110551002,107805284,8785805,456224,48.57
"2024-10-20",203802420,203802420,110174448,83662164,9911341,54466,54.06
"2024-10-21",226702004,226702004,142046482,74485065,9980980,189477,62.66
"2024-10-22",229818784,229818784,139853664,80612408,9217008,135704,60.85
"2024-10-23",231451744,231451744,128443553,92796088,9980435,231668,55.49
"2024-10-24",235515531,235515531,122212641,102184084,10768728,350078,51.89
"2024-10-25",238837988,238837988,123046380,103460416,11796714,534478,51.52
"2024-10-26",230956384,230956384,123782792,96385898,10159310,628384,53.6
"2024-10-27",211652721,211652721,132229379,69506324,9288999,628018,62.47
"2024-10-28",233062043,233062043,123486983,100127934,8865216,581910,52.98
"2024-10-29",236743780,236743780,119932874,106939647,9395070,476188,50.66
"2024-10-30",235638229,235638229,112134006,113381152,9700720,422351,47.59
"2024-10-31",225059711,225059711,139329728,77518138,8115165,96680,61.91
"2024-11-01",222246346,222246346,137910585,77716554,6573672,45535,62.05
"2024-11-02",213701899,213701899,127766431,77505968,8398699,30801,59.79
"2024-11-03",193312122,193312122,116722205,68778557,7782190,29171,60.38
"2024-11-04",197091067,197091067,116404232,73054491,7606438,25906,59.06
"2024-11-05",225125613,225125613,124064605,89962920,10961812,136275,55.11
"2024-11-06",229984233,229984233,135540676,83693007,10596309,154240,58.93
"2024-11-07",229580554,229580554,122445765,98898669,8026155,209965,53.33
"2024-11-08",225188988,225188988,121533616,96986919,6633891,34563,53.97
"2024-11-09",212803090,212803090,115051865,87191180,10482703,77343,54.06
"2024-11-10",192959454,192959454,115118120,67666489,10122532,52312,59.66
"2024-11-11",196042517,196042517,121314945,66951228,7742709,33634,61.88
"2024-11-12",221542132,221542132,153655437,57393167,10461367,32161,69.36
"2024-11-13",226620088,226620088,164276869,51289013,11025209,28997,72.49
"2024-11-14",228182369,228182369,160605583,58446322,9076597,53867,70.38
"2024-11-15",229879715,229879715,169918126,48525565,11415283,20742,73.92
"2024-11-16",217953530,217953530,166455122,42417162,9067860,13385,76.37
"2024-11-17",211372872,211372872,144730313,57071990,9531813,38755,68.47
"2024-11-18",236392875,236392875,158562864,67730947,10004574,94490,67.08
"2024-11-19",240352597,240352597,168086730,61835743,10300375,129749,69.93
"2024-11-20",236879346,236879346,155653868,71856542,9285268,83668,65.71
"2024-11-21",237870042,237870042,170755042,58345988,8679119,89893,71.79
"2024-11-22",234797520,234797520,164037907,62528020,8207699,23894,69.86
"2024-11-23",225652801,225652801,164687299,51797466,9112480,55555,72.98
"2024-11-24",210699001,210699001,152866576,48100824,9408247,323354,72.55
"2024-11-25",241225277,241225277,181202048,48697056,11082490,243682,75.12
"2024-11-26",245113580,245113580,181178895,53724149,10029293,181243,73.92
"2024-11-27",241908228,241908228,170003110,62749583,9122273,33262,70.28
"2024-11-28",242239662,242239662,161041054,71342322,9749729,106557,66.48
"2024-11-29",241992090,241992090,173566656,58184213,10069111,172109,71.72
"2024-11-30",232118238,232118238,172493936,47937924,11404172,282205,74.31
"2024-12-01",218682459,218682459,157310319,49084866,11921453,365821,71.94
"2024-12-02",242617687,242617687,172739153,59593126,9942590,342818,71.2
"2024-12-03",236768558,236768558,163808794,62215505,10420437,323823,69.19
"2024-12-04",247320199,247320199,160354433,75800044,10802418,363303,64.84
"2024-12-05",240440160,240440160,146784236,82145090,11133877,376957,61.05
"2024-12-06",245954448,245954448,170809509,63096957,11735023,312960,69.45
"2024-12-07",230792361,230792361,149422661,68933429,12209897,226374,64.74
"2024-12-08",212433609,212433609,137213613,61271070,13538513,410413,64.59
"2024-12-09",239200276,239200276,138586181,87750812,12455224,408059,57.94
"2024-12-10",249272210,249272210,145036470,91870050,11967040,398650,58.18
"2024-12-11",247670450,247670450,141761210,93896000,11666050,347190,57.24
"2024-12-12",248812900,248812900,135994300,101744360,10802630,271610,54.66
"2024-12-13",247216890,247216890,130690570,104027800,12190450,308070,52.86
"2024-12-14",227016980,227016980,117135910,98284970,11436420,159680,51.6
"2024-12-15",211431720,211431720,112076550,87911140,11257810,186220,53.01
"2024-12-16",240508600,240508600,125061130,104825200,10399260,223010,52
"2024-12-17",241123260,241123260,130116400,99902720,10727320,376820,53.96
"2024-12-18",244364490,244364490,128569010,104078750,11255330,461400,52.61
"2024-12-19",243436580,243436580,138993680,93871610,9935930,635360,57.1
"2024-12-20",246082570,246082570,133118010,103177350,9542980,244230,54.09
"2024-12-21",232645630,232645630,118779800,104645910,9047860,172060,51.06
"2024-12-22",214522840,214522840,107914660,98405680,7897510,304990,50.3
"2024-12-23",229615960,229615960,130641980,91000340,7624540,349100,56.9
"2024-12-24",216782720,216782720,132310700,75001420,9131720,338880,61.03
"2024-12-25",192966930,192966930,125361140,56519580,10642840,443370,64.97
"2024-12-26",229652880,229652880,154388690,65863030,9033610,367550,67.23
"2024-12-27",232429150,232429150,167239870,57014190,7890480,284610,71.95
"2024-12-28",224475520,224475520,160335080,56118960,7754530,266950,71.43
"2024-12-29",210740480,210740480,156497150,45095040,8906150,242140,74.26
"2024-12-30",218272860,218272860,158606790,50510430,8919140,236500,72.66
"2024-12-31",201629710,201629710,158354580,33277890,9721190,276050,78.54
"2025-01-01",179988490,179988490,143175050,26006430,10427220,379790,79.55
"2025-01-02",208696940,208696940,154576030,43330970,10392060,397880,74.07
"2025-01-03",216611220,216611220,153698930,54275910,8282410,353970,70.96
"2025-01-04",209729980,209729980,153094350,47459710,8714520,461400,73
"2025-01-05",197623810,197623810,156509510,33188200,7470950,455150,79.2
"2025-01-06",201111740,201111740,152634830,37669180,10499350,308380,75.9
"2025-01-07",225567560,225567560,172472770,41280830,11456640,357320,76.46
"2025-01-08",236081050,236081050,185217990,39235480,11245490,382090,78.46
"2025-01-09",235569890,235569890,186660750,36375130,12256110,277900,79.24
"2025-01-10",237807000,237807000,192358650,32804770,12361010,282570,80.89
"2025-01-11",227232100,227232100,176535640,38211210,12085930,399320,77.69
"2025-01-12",208743790,208743790,157006500,37864360,13417200,455730,75.21
"2025-01-13",234056980,234056980,177009200,44426500,12180340,440940,75.63
"2025-01-14",240923230,240923230,174489460,53098450,12944250,391070,72.43
"2025-01-15",240896650,240896650,174682280,53097830,12765870,350670,72.51
"2025-01-16",241507610,241507610,173255180,55648360,12353760,250310,71.74
"2025-01-17",244030070,244030070,171405290,59279580,12965900,379300,70.24
"2025-01-18",228222300,228222300,152191400,62103980,13517220,409700,66.69
"2025-01-19",212168360,212168360,142768040,55684270,13217020,499030,67.29
"2025-01-20",241631850,241631850,168697780,59438090,13056480,439500,69.82
"2025-01-21",244743020,244743020,166694560,64277970,13235520,534970,68.11
"2025-01-22",246031730,246031730,166897880,65357920,13236670,539260,67.84
"2025-01-23",247464380,247464380,160283540,73863550,13155840,161450,64.77
"2025-01-24",248077700,248077700,167886000,67845820,11966350,379530,67.67
"2025-01-25",235332730,235332730,159023370,63776490,12086610,446260,67.57
"2025-01-26",209147470,209147470,135668150,59448100,13608100,423120,64.87
"2025-01-27",239094270,239094270,153486310,72277610,12894330,436020,64.19
"2025-01-28",241920860,241920860,163253570,66505380,11624930,536980,67.48
"2025-01-29",242592520,242592520,163539350,66090060,12470360,492750,67.41
"2025-01-30",239335050,239335050,165466100,60843590,12494390,530970,69.14
"2025-01-31",239281340,239281340,169875370,56586620,12255450,563900,70.99
"2025-02-01",229149440,229149440,155232290,59998760,13355490,562900,67.74
"2025-02-02",209840600,209840600,140488430,56221500,12612010,518660,66.95
"2025-02-03",242057440,242057440,163785860,65558350,12193740,519490,67.66
"2025-02-04",242988720,242988720,166240130,64592300,11673310,482980,68.41
"2025-02-05",244999390,244999390,171506280,61698420,11304160,490530,70
"2025-02-06",246078390,246078390,167302830,66224720,12105270,445570,67.99
"2025-02-07",248194990,248194990,171632790,63745160,12318230,498810,69.15
"2025-02-08",230095240,230095240,164203810,55386070,9969970,535390,71.36
"2025-02-09",207437980,207437980,142670050,54118940,10186740,462250,68.78
"2025-02-10",228337130,228337130,162539410,52756100,12542520,499100,71.18
"2025-02-11",232591800,232591800,180067340,40865260,11147810,511390,77.42
"2025-02-12",232124730,232124730,168634330,49899040,13071730,519630,72.65
"2025-02-13",234895970,234895970,174819120,47237770,12347820,491260,74.42
"2025-02-14",233580290,233580290,171150680,50131030,11757730,540850,73.27
"2025-02-15",218130190,218130190,155174100,49756410,12763910,435770,71.14
"2025-02-16",203257620,203257620,148835260,41090430,12884190,447740,73.22
"2025-02-17",227995950,227995950,173860170,40804250,12807800,523730,76.26
"2025-02-18",230749460,230749460,182030190,36345550,11868230,505490,78.89
"2025-02-19",234433040,234433040,191557290,29297830,13193050,384870,81.71
"2025-02-20",235282650,235282650,194397060,27302560,13106620,476410,82.62
"2025-02-21",237424170,237424170,199801450,24499220,12617760,505740,84.15
"2025-02-22",224993810,224993810,189385720,24126190,10992780,489120,84.17
"2025-02-23",201290960,201290960,162551080,26257640,12048880,433360,80.75
"2025-02-24",224416650,224416650,188016220,24867760,11147240,385430,83.78
"2025-02-25",230098840,230098840,194349340,26241770,9209630,298100,84.46
"2025-02-26",231223480,231223480,193285450,27905550,9709230,323250,83.59
"2025-02-27",234990410,234990410,196778030,27359400,10387680,465300,83.74
"2025-02-28",230928500,230928500,190587110,27492570,12360540,488280,82.53
"2025-03-01",219189700,219189700,179199450,26580980,13067690,341580,81.76
"2025-03-02",204432420,204432420,169472410,24215910,10236560,507540,82.9
"2025-03-03",225014260,225014260,187827290,25998390,10758760,429820,83.47
"2025-03-04",227809230,227809230,181108680,34465260,11878290,357000,79.5
"2025-03-05",228900300,228900300,182021980,35746000,10819410,312910,79.52
"2025-03-06",234797340,234797340,195995880,28482070,10044270,275120,83.47
"2025-03-07",235988230,235988230,197106400,27037300,11492090,352440,83.52
"2025-03-08",218183850,218183850,177280310,26475930,14075470,352140,81.25
"2025-03-09",216218320,216218320,176346990,25797800,13652610,420920,81.56
"2025-03-10",227816890,227816890,190091010,25570380,11736790,418710,83.44
"2025-03-11",231100860,231100860,186221940,32277450,12224770,376700,80.58
"2025-03-12",228072520,228072520,180272910,35332000,12105950,361660,79.04
"2025-03-13",234546380,234546380,185940680,35566080,12668650,370970,79.28
"2025-03-14",232115140,232115140,191610220,29239600,10909320,356000,82.55
"2025-03-15",220589510,220589510,183134380,25754370,11319800,380960,83.02
"2025-03-16",200091420,200091420,161948600,26249760,11491320,401740,80.94
"2025-03-17",226911650,226911650,185121550,31283950,10023890,482260,81.58
"2025-03-18",230758570,230758570,187478790,32603090,10377000,299690,81.24
"2025-03-19",231087900,231087900,188267700,30640360,11864060,315780,81.47
"2025-03-20",235136310,235136310,191861450,31147030,11654310,473520,81.6
"2025-03-21",235649940,235649940,194006260,30301120,10827250,515310,82.33
"2025-03-22",228503630,228503630,188448530,26075880,13395610,583610,82.47
"2025-03-23",208748920,208748920,165992580,27960190,14192940,603210,79.52
"2025-03-24",213187850,213187850,172304470,25651260,14634990,597130,80.82
"2025-03-25",236444780,236444780,195193990,27513090,13188090,549610,82.55
"2025-03-26",239196870,239196870,200828020,27644040,10207760,517050,83.96
"2025-03-27",240228270,240228270,198211860,29442920,12062300,511190,82.51
"2025-03-28",237972690,237972690,193202040,33334540,10914350,521760,81.19
"2025-03-29",221347730,221347730,178912130,30432700,11444850,558050,80.83
"2025-03-30",205347630,205347630,166577850,29080230,9155870,533680,81.12
"2025-03-31",227089190,227089190,185687150,30004920,10986800,410320,81.77
"2025-04-01",230065640,230065640,186511750,31008370,12051380,494140,81.07
"2025-04-02",232335930,232335930,189579720,30871280,11343390,541540,81.6
"2025-04-03",234355040,234355040,192688640,29773450,11335200,557750,82.22
"2025-04-04",232120150,232120150,193691460,27612040,10248020,568630,83.44
"2025-04-05",222458650,222458650,183121920,26149760,12667520,519450,82.32
"2025-04-06",203735780,203735780,167858480,24408460,10910650,558190,82.39
"2025-04-07",229085560,229085560,187190340,30278210,11127040,489970,81.71
"2025-04-08",232049860,232049860,193196630,26056160,12329990,467080,83.26
"2025-04-09",235651540,235651540,196132630,29070190,10032270,416450,83.23
"2025-04-10",231031400,231031400,194424860,28322450,7881210,402880,84.16
"2025-04-11",226484290,226484290,191146910,25776790,9259710,300880,84.4
"2025-04-12",222118440,222118440,183741160,25801990,12272260,303030,82.72
"2025-04-13",210463160,210463160,171789620,25195100,13044660,433780,81.62
"2025-04-14",235624220,235624220,194400040,26997690,13701200,525290,82.5
"2025-04-15",238991360,238991360,197785580,27298800,13371410,535570,82.76
"2025-04-16",235480840,235480840,194721300,27374840,12916770,467930,82.69
"2025-04-17",209329720,209329720,172988720,24658140,11214240,468620,82.64
"2025-04-18",197615750,197615750,159446290,24664490,12991040,513930,80.69
"2025-04-19",208717520,208717520,171966620,24933920,11270670,546310,82.39
"2025-04-20",204005040,204005040,167512590,24174750,11788310,529390,82.11
"2025-04-21",231103750,231103750,192849120,28605610,9186960,462060,83.45
"2025-04-22",233603800,233603800,197252770,27581670,8278280,491080,84.44
"2025-04-23",236581890,236581890,197455210,29412090,9332780,381810,83.46
"2025-04-24",238681370,238681370,197768290,31620860,8896570,395650,82.86
"2025-04-25",236668910,236668910,198421080,29421100,8415680,411050,83.84
"2025-04-26",223189470,223189470,188429630,27777000,6587360,395480,84.43
"2025-04-27",202884050,202884050,164086580,28384310,10033690,379470,80.88
"2025-04-28",232697300,232697300,192733420,30146480,9353360,464040,82.83
"2025-04-29",231159410,231159410,194168170,26749380,9837320,404540,84
"2025-04-30",230482620,230482620,192033000,28187700,9930630,331290,83.32
"2025-05-01",212245480,212245480,182187810,20524410,9236590,296670,85.84
"2025-05-02",231133750,231133750,197819440,23484610,9503560,326140,85.59
"2025-05-03",219982630,219982630,189138680,21986420,8567090,290440,85.98
"2025-05-04",201898460,201898460,168490200,21797050,11340030,271180,83.45
"2025-05-05",226443690,226443690,192723850,23874350,9583080,262410,85.11
"2025-05-06",230653920,230653920,196099350,25411050,8919440,224080,85.02
"2025-05-07",230055820,230055820,197674090,23536400,8483530,361800,85.92
"2025-05-08",230096010,230096010,196256480,23449560,10080860,309110,85.29
"2025-05-09",233960420,233960420,196988330,23678420,12975600,318070,84.2
"2025-05-10",228961800,228961800,189703200,24379310,14327350,551940,82.85
"2025-05-11",210083490,210083490,171991930,24802510,12740370,548680,81.87
"2025-05-12",241036190,241036190,201405950,26655140,12429380,545720,83.56
"2025-05-13",212411090,212411090,173230600,27990280,10858070,332140,81.55
"2025-05-14",240625530,240625530,203191020,27113210,9931330,389970,84.44
"2025-05-15",236208130,236208130,200729810,27385800,7680900,411620,84.98
"2025-05-16",233292090,233292090,200169440,24178170,8598860,345620,85.8
"2025-05-17",221086970,221086970,189611150,21264820,9896300,314700,85.76
"2025-05-18",204308640,204308640,170950420,23051310,9949650,357260,83.67
"2025-05-19",227064500,227064500,193435800,23647390,9645830,335480,85.19
"2025-05-20",234570800,234570800,199574150,25533200,9093890,369560,85.08
"2025-05-21",236070394,236070394,202350460,21560114,11770120,389700,85.72
"2025-05-22",237721314,237721314,199993054,26330470,10952930,444860,84.13
"2025-05-23",241905830,241905830,200214470,27632910,13495450,563000,82.77
"2025-05-24",233497400,233497400,194733470,26235930,11980950,547050,83.4
"2025-05-25",213749200,213749200,175957920,25356680,11877060,557540,82.32
"2025-05-26",236314500,236314500,199940970,26030350,9821710,521470,84.61
"2025-05-27",237136180,237136180,203211230,25139540,8259440,525970,85.69
"2025-05-28",237983460,237983460,199274030,27153580,10998990,556860,83.73
"2025-05-29",239056890,239056890,200279920,25497840,12739680,539450,83.78
"2025-05-30",243109280,243109280,206667560,25453940,10446640,541140,85.01
"2025-05-31",225505640,225505640,191337890,26679430,7010410,477910,84.85
"2025-06-01",201612330,201612330,168004320,25308070,7759940,540000,83.33
"2025-06-02",210333850,210333850,175110670,25557830,9204560,460790,83.25
"2025-06-03",234170260,234170260,194577410,27680160,11393180,519510,83.09
"2025-06-04",237857110,237857110,196945180,30172900,10201900,537130,82.8
"2025-06-05",238974900,238974900,194194750,35188820,9067660,523670,81.26
"2025-06-06",238490100,238490100,196181210,32872920,8920120,515850,82.26
"2025-06-07",228850290,228850290,187767790,28358800,12196210,527490,82.05
"2025-06-08",213665170,213665170,174625750,25644540,12835940,558940,81.73
"2025-06-09",237732450,237732450,199603800,28657980,8936400,534270,83.96
"2025-06-10",233997990,233997990,194011560,31590720,7881940,513770,82.91
"2025-06-11",231040680,231040680,193415640,28262670,8844310,518060,83.71
"2025-06-12",233794280,233794280,193975380,29129380,10216060,473460,82.97
"2025-06-13",228548665,228548665,193696380,26028165,8355860,468260,84.75
"2025-06-14",216014241,216014241,180921750,25570421,9097420,424650,83.75
"2025-06-15",201166340,201166340,164512670,23846360,12310960,496350,81.78
"2025-06-16",232330620,232330620,194139550,25805780,11882200,503090,83.56
"2025-06-17",231304140,231304140,193809370,26802520,10197750,494500,83.79
"2025-06-18",237917260,237917260,196389180,29157030,11848560,522490,82.55
"2025-06-19",240375240,240375240,198377670,28375800,13065930,555840,82.53
"2025-06-20",242967780,242967780,204544250,27222670,10658940,541920,84.19
"2025-06-21",231105880,231105880,195169090,24266730,11123820,546240,84.45
"2025-06-22",204873300,204873300,172648380,24175870,7510550,538500,84.27
"2025-06-23",206673790,206673790,172151370,24907190,9175140,440090,83.3
"2025-06-24",230881570,230881570,192167100,29201750,9028010,484710,83.23
"2025-06-25",235842370,235842370,194893200,27836250,12573030,539890,82.64
"2025-06-26",239901740,239901740,200140960,26715830,12548290,496660,83.43
"2025-06-27",240148620,240148620,198365950,29346470,11868560,567640,82.6
"2025-06-28",226537050,226537050,185367460,29173400,11452070,544120,81.83
"2025-06-29",208219860,208219860,167246950,27738350,12716250,518310,80.32
"2025-06-30",213609210,213609210,172556370,28726450,11785260,541130,80.78
"2025-07-01",235996440,235996440,193037120,30921620,11473640,564060,81.8
"2025-07-02",240464140,240464140,196517810,32065620,11346660,534050,81.72
"2025-07-03",239768890,239768890,197685390,31052530,10501060,529910,82.45
"2025-07-04",238128655,238128655,199197940,29025785,9534600,370330,83.65
"2025-07-05",221361230,221361230,186923800,25618070,8437570,381790,84.44
"2025-07-06",206199200,206199200,170530790,23277870,11963010,427530,82.7
"2025-07-07",235562480,235562480,194033900,27996000,13004640,527940,82.37
"2025-07-08",241206000,241206000,198433680,30048840,12118350,605130,82.27
"2025-07-09",241794020,241794020,201378640,29289080,10575500,550800,83.29
"2025-07-10",241606060,241606060,203295550,28489150,9209650,611710,84.14
"2025-07-11",241684000,241684000,204010400,27249600,9895870,528130,84.41
"2025-07-12",229471970,229471970,194580300,23904840,10409720,577110,84.79
"2025-07-13",208693560,208693560,175046060,22840560,10245690,561250,83.88
"2025-07-14",234394540,234394540,197946880,24996200,10866480,584980,84.45
"2025-07-15",239508220,239508220,199815610,25419990,13618680,653940,83.43
"2025-07-16",241661850,241661850,202544750,26173610,12284710,658780,83.81
"2025-07-17",243392520,243392520,203634920,26009240,13110560,637800,83.67
"2025-07-18",245633720,245633720,203954570,27409390,13616960,652800,83.03
"2025-07-19",234609700,234609700,196102380,24906010,12855150,746160,83.59
"2025-07-20",214709890,214709890,177094010,23708620,13231670,675590,82.48
"2025-07-21",240541350,240541350,202020610,25794840,12057870,668030,83.99
"2025-07-22",246227070,246227070,207292360,27275920,11014690,644100,84.19
"2025-07-23",244594760,244594760,202466260,31719880,9793340,615280,82.78
"2025-07-24",247652090,247652090,205437370,30203480,11406240,605000,82.95
"2025-07-25",243919200,243919200,202502520,29204940,11606420,605320,83.02
"2025-07-26",229085410,229085410,192616900,26063430,9774640,630440,84.08
"2025-07-27",207616280,207616280,170238820,23767210,13011570,598680,82
"2025-07-28",237926000,237926000,198189620,27579940,11746500,409940,83.3
"2025-07-29",241178250,241178250,198679300,31030720,10879120,589110,82.38
"2025-07-30",238875240,238875240,197859820,29704160,10766230,545030,82.83
"2025-07-31",244206540,244206540,202977960,28053830,12624960,549790,83.12
"2025-08-01",247666530,247666530,205129020,29540010,12362080,635420,82.82
"2025-08-02",236624530,236624530,196533060,29270250,10183600,637620,83.06
"2025-08-03",209125650,209125650,172628730,25273660,10667050,556210,82.55
"2025-08-04",234782870,234782870,196234370,27665570,10310730,572200,83.58
"2025-08-05",239475220,239475220,197305870,30692500,10849510,627340,82.39
"2025-08-06",237768930,237768930,194098960,31733660,11344550,591760,81.63
"2025-08-07",222027200,222027200,186576810,24158140,10799310,492940,84.03
"2025-08-08",238321940,238321940,196575160,29374940,11828500,543340,82.48
"2025-08-09",222692870,222692870,186236920,26745870,9123770,586310,83.63
"2025-08-10",203794570,203794570,170648740,22814850,9741100,589880,83.74
"2025-08-11",233797520,233797520,195693360,25220470,12272720,610970,83.7
"2025-08-12",242479660,242479660,198694610,29144190,13970280,670580,81.94
"2025-08-13",244858360,244858360,199935480,33453410,10871440,598030,81.65
"2025-08-14",243512040,243512040,197700710,34426500,11019150,365680,81.19
"2025-08-15",242109040,242109040,201077300,30827900,10174740,29100,83.05
"2025-08-16",222697540,222697540,186164900,25925510,10605270,1860,83.6
"2025-08-17",203727450,203727450,168331510,22358460,13037480,0,82.63
"2025-08-18",209820230,209820230,176176770,22139230,11504230,0,83.97
"2025-08-19",238396760,238396760,193196180,30858220,14342360,0,81.04
"2025-08-20",251208630,251208630,200721320,37469390,13011950,5970,79.9
"2025-08-21",242010045,242010045,196942862,31770133,12688910,608140,81.38
"2025-08-22",240813752,240813752,195912118,31180164,13148410,573060,81.35
"2025-08-23",225721541,225721541,189610751,23075680,12515770,519340,84
"2025-08-24",214354890,214354890,173969990,26551240,13804580,29080,81.16
"2025-08-25",242206375,242206375,196656400,33029435,12440020,80520,81.19
"2025-08-26",245757920,245757920,195099400,37427060,13160190,71270,79.39
"2025-08-27",247760870,247760870,194239370,39471640,14009750,40110,78.4
"2025-08-28",245436460,245436460,190197110,40736520,14488010,14820,77.49
"2025-08-29",247082970,247082970,187080440,44909360,14833820,259350,75.72
"2025-08-30",234471110,234471110,180632610,41441190,11901710,495600,77.04
"2025-08-31",214404090,214404090,163855240,37083590,12801430,663830,76.42
"2025-09-01",242901430,242901430,188448970,43063800,10776350,612310,77.58
"2025-09-02",247028460,247028460,198503160,35252770,12693630,578900,80.36
"2025-09-03",242713730,242713730,194566060,34685540,12967560,494570,80.16
"2025-09-04",246952384,246952384,195257020,40082754,11012750,599860,79.07
"2025-09-05",248736913,248736913,202959940,34712503,10630510,433960,81.6
"2025-09-06",234109230,234109230,194080680,27392870,12229550,406130,82.9
"2025-09-07",207891060,207891060,173279180,23619750,10597990,394140,83.35
"2025-09-08",239994270,239994270,198441740,28449300,13015640,87590,82.69
"2025-09-09",251926900,251926900,205193430,31620580,14826350,286540,81.45
"2025-09-10",256023400,256023400,204065030,36502750,14870580,585040,79.71
"2025-09-11",251333160,251333160,199397590,36785740,14564240,585590,79.34
"2025-09-12",242754880,242754880,192921750,38369930,11030180,433020,79.47
"2025-09-13",230230390,230230390,187423230,28263480,14233520,310160,81.41
"2025-09-14",212999710,212999710,170388440,28458480,13741020,411770,79.99
"2025-09-15",242435650,242435650,191654110,34812450,15363120,605970,79.05
"2025-09-16",247231680,247231680,192169520,42010570,12438850,612740,77.73
"2025-09-17",243738140,243738140,187431090,43100920,12790620,415510,76.9
"2025-09-18",240074168,240074168,188004580,41750408,10236330,82850,78.31
"2025-09-19",237805710,237805710,184242870,42067200,11479850,15790,77.48
"2025-09-20",226282930,226282930,178334340,33765870,13865970,316750,78.81
"2025-09-21",211779440,211779440,167081980,29424020,14865200,408240,78.89
"2025-09-22",239263650,239263650,190743490,34422900,13669480,427780,79.72
"2025-09-23",249351930,249351930,195181280,39914940,13629910,625800,78.28
"2025-09-24",250885050,250885050,191388290,45648550,13301490,546720,76.29
"2025-09-25",244617800,244617800,187275030,44484650,12791640,66480,76.56
"2025-09-26",244218440,244218440,188754500,42966790,12433820,63330,77.29
"2025-09-27",225611520,225611520,180882540,31592140,13111170,25670,80.17
"2025-09-28",204355790,204355790,159200430,31674820,13424720,55820,77.9
"2025-09-29",239128320,239128320,188527810,36555720,13739380,305410,78.84
"2025-09-30",236434300,236434300,189809560,33337080,12978730,308930,80.28
"2025-10-01",237472400,237472400,189787890,33893230,13731030,60250,79.92
"2025-10-02",237589620,237589620,190583090,34816810,11854880,334840,80.22
"2025-10-03",239577540,239577540,192527300,35312510,11350950,386780,80.36
"2025-10-04",224291900,224291900,184909460,26869110,12243730,269600,82.44
"2025-10-05",210095650,210095650,167523390,27829200,14316880,426180,79.74
"2025-10-06",238570200,238570200,199060160,27028660,12073600,407780,83.44
"2025-10-07",243235920,243235920,202657010,26148900,14160790,269220,83.32
"2025-10-08",243727580,243727580,205098070,26496770,11837370,295370,84.15
"2025-10-09",241913580,241913580,204198600,24737620,12728120,249240,84.41
"2025-10-10",239768290,239768290,203610530,24906810,11184830,66120,84.92
"2025-10-11",221022760,221022760,188364470,20647250,11929410,81630,85.22
"2025-10-12",200215820,200215820,167472690,19278050,13421310,43770,83.65
"2025-10-13",205100575,205100575,172952360,19091955,12996780,59480,84.33
"2025-10-14",232679280,232679280,196973890,21945310,13578150,181930,84.65
"2025-10-15",235165950,235165950,199027850,23521980,12553410,62710,84.63
"2025-10-16",232813670,232813670,194744940,28044670,9986530,37530,83.65
"2025-10-17",237035870,237035870,193672280,30925790,12434760,3040,81.71
"2025-10-18",228650520,228650520,188096480,25470220,14908190,175630,82.26
"2025-10-19",211515090,211515090,168677890,26378070,16030650,428480,79.75
"2025-10-20",238339340,238339340,197708230,27215300,13159330,256480,82.95
"2025-10-21",238520480,238520480,198263610,27226390,12943320,87160,83.12
"2025-10-22",246649170,246649170,208343630,26492820,11716540,96180,84.47
"2025-10-23",248779474,248779474,214493360,22447274,11796800,42040,86.22
"2025-10-24",245948090,245948090,208428960,23011440,14435580,72110,84.75
"2025-10-25",235834170,235834170,198600890,22090290,15106180,36810,84.21
"2025-10-26",223178190,223178190,184343400,22351440,16395530,87820,82.6
"2025-10-27",243440050,243440050,208194730,23817200,11363810,64310,85.52
"2025-10-28",244818350,244818350,201823360,26666180,16273670,55140,82.44
"2025-10-29",246127230,246127230,204826390,27890060,13359230,51550,83.22
"2025-10-30",242696110,242696110,200870850,30218100,11530090,77070,82.77
"2025-10-31",239416330,239416330,198435900,28204840,12521030,254560,82.88
"2025-11-01",235608936,235608936,190150590,29867366,15124270,466710,80.71
"2025-11-02",215028280,215028280,178180790,24132810,12174440,540240,82.86
"2025-11-03",219110590,219110590,180563900,26010900,11918870,616920,82.41
"2025-11-04",239637510,239637510,199239700,26674740,13313670,409400,83.14
"2025-11-05",242980000,242980000,202168930,27828940,12558260,423870,83.2
"2025-11-06",243151750,243151750,205095900,26259140,11504640,292070,84.35
"2025-11-07",242783220,242783220,200269190,27489290,14568490,456250,82.49
"2025-11-08",237967910,237967910,195504140,27328040,14527100,608630,82.16
"2025-11-09",219210280,219210280,177651350,27021020,13909860,628050,81.04
"2025-11-10",241952270,241952270,196738990,32335450,12250900,626930,81.31
"2025-11-11",243763520,243763520,194327730,37453090,11376740,605960,79.72
"2025-11-12",245530740,245530740,192741260,40493900,11669670,625910,78.5
"2025-11-13",244610410,244610410,189530780,42206970,12355760,516900,77.48
"2025-11-14",247271210,247271210,193007430,40882560,12967350,413870,78.05
"2025-11-15",228695720,228695720,182367280,34963540,10915190,449710,79.74
"2025-11-16",206870150,206870150,171980270,24361850,10235570,292460,83.13
"2025-11-17",211439810,211439810,176994350,21616500,12472700,356260,83.71
"2025-11-18",241951390,241951390,196206490,31432620,13763120,549160,81.09
"2025-11-19",245974350,245974350,197133230,35306650,12931000,603470,80.14
"2025-11-20",247598295,247598295,197130830,38291205,11752440,423820,79.62
"2025-11-21",247831660,247831660,196520040,38358830,12470760,482030,79.3
"2025-11-22",232280320,232280320,187347600,29779480,14556910,596330,80.66
"2025-11-23",211544590,211544590,171691760,26550200,12623600,679030,81.16
"2025-11-24",241055880,241055880,198391960,31276870,10808380,578670,82.3
"2025-11-25",245479050,245479050,198880590,32245570,13686940,665950,81.02
"2025-11-26",252025900,252025900,202897530,32659300,15704550,764520,80.51
"2025-11-27",242838560,242838560,198420300,30823980,12869840,724440,81.71
"2025-11-28",240403250,240403250,205959430,25331800,8459890,652130,85.67
"2025-11-29",222366730,222366730,186812900,26049890,9225350,278590,84.01
"2025-11-30",205711030,205711030,167563720,25930890,11836430,379990,81.46
"2025-12-01",230569510,230569510,188653610,30769410,10837930,308560,81.82
"2025-12-02",237318710,237318710,191552610,33542430,11897260,326410,80.72
"2025-12-03",241844490,241844490,202288840,24962910,14208880,383860,83.64
"2025-12-04",242114500,242114500,200761590,25741910,15255730,355270,82.92
"2025-12-05",244640510,244640510,207992610,22699330,13658420,290150,85.02
"2025-12-06",237986690,237986690,202289950,20820350,14507090,369300,85
"2025-12-07",217992270,217992270,182608150,20580210,14345830,458080,83.77
"2025-12-08",223567640,223567640,188622140,19774000,14870170,301330,84.37
"2025-12-09",244433620,244433620,212915340,20453220,10409940,655120,87.11
"2025-12-10",246324180,246324180,209607280,24561680,11469040,686180,85.09
"2025-12-11",248370130,248370130,209290430,25871410,12513080,695210,84.27
"2025-12-12",248206950,248206950,208970800,27166720,11307900,761530,84.19
"2025-12-13",242289680,242289680,202157450,26256010,13160490,715730,83.44
"2025-12-14",222608440,222608440,184164440,24332450,13501710,609840,82.73
"2025-12-15",250601650,250601650,204744150,30811340,14468730,577430,81.7
"2025-12-16",252459040,252459040,202617020,35176680,14150830,514510,80.26
"2025-12-17",253996050,253996050,197066300,42818640,13535310,575800,77.59
"2025-12-18",251533100,251533100,195150720,42473390,13350550,558440,77.58
"2025-12-19",252302870,252302870,194301070,43403410,13882640,715750,77.01
"2025-12-20",236223310,236223310,178713630,41293180,15503850,712650,75.65
"2025-12-21",214716110,214716110,162290880,38666340,13117730,641160,75.58
"2025-12-22",235977350,235977350,182090290,40652030,12516580,718450,77.16
"2025-12-23",245303980,245303980,184019740,44501690,16118650,663900,75.02
"2025-12-24",229917940,229917940,175853710,38209040,15190380,664810,76.49
"2025-12-25",204483010,204483010,162848100,26067900,15069920,497090,79.64
"2025-12-26",231225650,231225650,179526990,34055670,17144300,498690,77.64
"2025-12-27",230641160,230641160,173385610,38887240,17754610,613700,75.18
"2025-12-28",219439930,219439930,164129170,37799770,16832780,678210,74.79
"2025-12-29",238412130,238412130,179020420,41184310,17460770,746630,75.09
"2025-12-30",236974110,236974110,179243970,40965270,16073630,691240,75.64
"2025-12-31",222639412,222639412,166894750,38512142,16695890,536630,74.96
"2026-01-01",196639710,196639710,145710870,35368630,15038590,521620,74.1
"2026-01-02",213316110,213316110,165531500,37468610,9725970,590030,77.6
"2026-01-03",222782440,222782440,164876310,43951230,13521040,433860,74.01
"2026-01-04",202177440,202177440,154456910,37443560,9729120,547850,76.4
"2026-01-05",233709090,233709090,180989400,40817170,11471300,431220,77.44
"2026-01-06",237387000,237387000,183399260,40851860,12575380,560500,77.26
"2026-01-07",239060040,239060040,185516580,37163870,15823840,555750,77.6
"2026-01-08",242483170,242483170,196350140,29072140,16375670,685220,80.97
"2026-01-09",245137230,245137230,202862400,25407570,16049390,817870,82.75
"2026-01-10",230413500,230413500,193069780,21900130,14670960,772630,83.79
"2026-01-11",208143250,208143250,176355780,19484550,11556560,746360,84.73
"2026-01-12",208957478,208957478,180908018,18518510,8838600,692350,86.58
"2026-01-13",232796740,232796740,199103310,21640980,11440540,611910,85.53
"2026-01-14",236151230,236151230,201310830,21919320,12402740,518340,85.25
"2026-01-15",235511130,235511130,200576510,24578190,9885090,471340,85.17
"2026-01-16",236200980,236200980,197427460,25612160,12794380,366980,83.58
"2026-01-17",236858252,236858252,191000350,26639282,18445810,772810,80.64
"2026-01-18",219465890,219465890,174730980,24988390,19036740,709780,79.62
"2026-01-19",248492770,248492770,204966190,27123380,15930330,472870,82.48
"2026-01-20",248086890,248086890,202989240,26653270,17683050,761330,81.82
"2026-01-21",249922598,249922598,205294500,26093958,17890560,643580,82.14
"2026-01-22",252292220,252292220,211230910,27855030,12611110,595170,83.72
"2026-01-23",243021240,243021240,201593470,25172050,15804730,450990,82.95
"2026-01-24",234133800,234133800,189442980,27601760,16532520,556540,80.91
"2026-01-25",207800430,207800430,166887350,26645320,13701290,566470,80.31
"2026-01-26",234187190,234187190,192513010,27216280,13715370,742530,82.2
"2026-01-27",237844090,237844090,191938650,30939290,14281400,684750,80.7
"2026-01-28",243269290,243269290,191341310,36333030,14966020,628930,78.65
"2026-01-29",243122670,243122670,187030760,38568930,16866700,656280,76.93
"2026-01-30",243945210,243945210,200150210,28209590,14955210,630200,82.05
"2026-01-31",222332940,222332940,189104190,22301350,10514380,413020,85.05
"2026-02-01",203286440,203286440,174694580,20728450,7447250,416160,85.94
"2026-02-02",221971660,221971660,187767640,21170990,12579000,454030,84.59
"2026-02-03",231902570,231902570,193497470,22184810,15480940,739350,83.44
"2026-02-04",237059650,237059650,190674910,26494630,19220590,669520,80.43
"2026-02-05",240167579,240167579,195467670,25505929,18710180,483800,81.39
"2026-02-06",238010650,238010650,202616640,23780680,11225480,387850,85.13
"2026-02-07",224061400,224061400,187052720,21940400,14838890,229390,83.48
"2026-02-08",207990280,207990280,169374670,21130160,16950690,534760,81.43
"2026-02-09",237484840,237484840,191560410,26119780,19064040,740610,80.66
"2026-02-10",241433350,241433350,194724590,26977180,18929090,802490,80.65
"2026-02-11",244915120,244915120,195004650,29628190,19502750,779530,79.62
"2026-02-12",246839570,246839570,199667540,28226200,18208160,737670,80.89
"2026-02-13",246953970,246953970,205317330,25614530,15242040,780070,83.14
"2026-02-14",231728560,231728560,188471420,24926630,17537910,792600,81.33
"2026-02-15",203369420,203369420,168941540,21234290,12481840,711750,83.07
"2026-02-16",235218160,235218160,195857600,22624980,16088660,646920,83.27
"2026-02-17",230822600,230822600,197642360,20475110,11943150,761980,85.63
"2026-02-18",233165380,233165380,195347210,22455700,14559940,802530,83.78
"2026-02-19",235612770,235612770,195028260,24209900,15733630,640980,82.77
"2026-02-20",238456500,238456500,197953250,23826230,16018470,658550,83.01
"2026-02-21",233876557,233876557,193336720,21380747,18386880,772210,82.67
"2026-02-22",214696900,214696900,171791660,24245670,17957540,702030,80.02
"2026-02-23",241099820,241099820,201514370,24870520,13976780,738150,83.58
"2026-02-24",252000780,252000780,207657060,26928970,16642460,772290,82.4
"2026-02-25",242857630,242857630,195923300,27097610,19086090,750630,80.67
"2026-02-26",247003660,247003660,195183910,31318250,19741700,759800,79.02
"2026-02-27",249493750,249493750,201791500,26786060,20251320,664870,80.88
"2026-02-28",231791080,231791080,190492830,22466000,18056960,775290,82.18
"2026-03-01",210429850,210429850,171908010,18939790,18783630,798420,81.69
"2026-03-02",236321460,236321460,198772850,19552210,17163400,833000,84.11
"2026-03-03",250118180,250118180,205694240,24160060,19425300,838580,82.24
"2026-03-04",251651260,251651260,206412500,24074980,20372270,791510,82.02
"2026-03-05",249897410,249897410,205466600,26325350,17620660,484800,82.22
"2026-03-06",249768700,249768700,206957330,24741790,17778640,290940,82.86
"2026-03-07",236937790,236937790,189684690,25547220,21588270,117610,80.06
"2026-03-08",214316120,214316120,175168890,23453220,15633000,61010,81.73
"2026-03-09",243076680,243076680,199660380,25437380,17876560,102360,82.14
"2026-03-10",241980490,241980490,195699460,29569490,16604760,106780,80.87
"2026-03-11",240979830,240979830,189674980,35300730,15921920,82200,78.71
"2026-03-12",241575300,241575300,192414210,36868280,12232720,60090,79.65
"2026-03-13",238785720,238785720,186787630,35578970,16326910,92210,78.22
"2026-03-14",234265750,234265750,179827720,32735110,21631830,71090,76.76
"2026-03-15",217520860,217520860,163834880,31937390,21650480,98110,75.32
"2026-03-16",247645410,247645410,184298500,41892040,21402070,52800,74.42
"2026-03-17",251734620,251734620,187039360,46711090,17977860,6310,74.3
"2026-03-18",246629430,246629430,184509960,47697510,14407900,14060,74.81
"2026-03-19",245096490,245096490,176125650,48949810,20011930,9100,71.86
"2026-03-20",242004460,242004460,179370820,42353070,20250960,29610,74.12
"2026-03-21",233293920,233293920,164955180,48216830,20083650,38260,70.71
"2026-03-22",206831320,206831320,144045890,43086120,19600340,98970,69.64
"2026-03-23",215140680,215140680,156584290,42899080,15359350,297960,72.78
"2026-03-24",243299650,243299650,178164990,47247930,17452310,434420,73.23
"2026-03-25",243836370,243836370,180387000,46814210,16057420,577740,73.98
"2026-03-26",245494480,245494480,178304600,47379250,19348680,461950,72.63
"2026-03-27",242458560,242458560,187725700,39355220,14590750,786890,77.43
"2026-03-28",239288050,239288050,190615090,27543160,20370040,759760,79.66
"2026-03-29",228213690,228213690,180844900,25106970,21429880,831940,79.24
"2026-03-30",241437010,241437010,193750010,29412790,17915710,358500,80.25
"2026-03-31",241695270,241695270,189459290,31474060,20519310,242610,78.39
